claim_id,claim,status,location,dependencies,script,external_data,supersedes,canonical_status,active
AX.P1.01,c3 = 1/(8 pi) boundary seam kernel,Axiom,tfpt_1,-,-,Gauss-Bonnet (geometric origin),,Axiom,true
AX.P2.01,g_car = 5 carrier interface (3+2),Axiom,tfpt_1,-,-,-,,Axiom,true
FORM.P2.02,P2 carrier algebra (hypercharge/family) machine-verified,Formal,tfpt_1;tfpt_2,AX.P2.01,lean4-carrier-rigidity,-,,Formal,true
E8.GLU.01,E8 = (D5 (+) A3) + mu4 glue: explicit lattice certificate (240 roots norm^2=2; even; unimodular Gram det=1; glue index 4=|mu4|); disc=Z4; q(D5)+q(A3)=5/4+3/4=2,Lattice,tfpt_1;tfpt_3,D5; A3; Z4,v1_e8_glue.py,-,,Lattice,true
E8.NUM.01,240 = 16*5*3 and 248 = 240+8 as carrier traces,Lattice,tfpt_1,E8.GLU.01,v1_e8_glue.py,-,,Lattice,true
CAR.PAS.01,g_car = 5 unique Pascal solution (proof + check),Lattice,tfpt_1,-,v2_carrier_pascal.py,-,,Lattice,true
CAR.SM.01,N_fam=3; Omega_adm=48; b1=41/10; dim S+ = 16,Lattice,tfpt_1;tfpt_2,CAR.PAS.01,v2_carrier_pascal.py,-,,Lattice,true
CAR.UNIQ.01,"g_car=5 is the UNIQUE rank with N_fam in Z+ and g+N_fam=8; split (b,s)=(3,2) unique from b+s=5,b^2+s^2=13; Tr Y=Tr Y^3=0 (anomaly-free)",Lattice,tfpt_1,E8 closure; SM gauge algebra dim 12,v14_carrier_uniqueness.py,-,,Lattice,true
BOOT.CLASS.01,D5(+)A3 is the UNIQUE familyful cyclic-glue decomposition of E8 (16-dim half-spinor + 3-family A3); glue Z4=|mu4|,Lattice,tfpt_1;tfpt_3,E8.GLU.01; even-unimodular rank-8 uniqueness,v15_bootstrap_classification.py,-,,Lattice,true
EM.FP.01,alpha^-1 = 137.0359992168 unique root of F_U1=0 (existence + uniqueness + interval-arithmetic + ablation),Numerical,tfpt_1,AX.P1.01; EM.BUDGET.01,v3_em_alpha.py,NIST CODATA 2022 (137.035999177(21)),,Numerical,true
EM.BUDGET.01,"EM budget M=41 is FORCED = 10 b1 = sum L + N_Phi (U(1) index, not a free fit); (4/5)M c3^6 = 8 b1 c3^6",Lattice,tfpt_1;tfpt_2,CAR.SM.01 (b1 from g_car),v13_open_gates.py,-,,Lattice,true
FLAV.R.01,residue matrix R: det=8; minors {2;3;5}; char poly; SNF diag(1;1;8) (positive invariant factors); ||R||^2=78; sum L=40,Lattice,tfpt_1;tfpt_2;tfpt_3,-,v4_flavor_matrix.py,-,,Lattice,true
FLAV.KQ.01,Q-Sigma algebra: K=R+Q*Sigma; L=R+Q*(I+Sigma); chi_Q=(t-1)(t^2-5t+3); chi_K=(t-1)(t^2-8t+4); det ladder (3;4;8;20) product 1920=|W(D5)|; a^T K a=41,Lattice,tfpt_2,FLAV.R.01; Sigma=diag(1;-1;-1),v10_projection_involution.py;v11_unique_KQ.py;v12_mass_generation_polynomials.py,-,,Lattice,true
FLAV.QGEO.01,geometric origin of Q reduced: Q_+ = A3 exponent grading (spec 1;2;3); Q_-^2 = N_fam on support; open = realise Q_+/Q_- on parabolic P1\mu4,Physical (conditional; sharpened),tfpt_2,FLAV.KQ.01; parabolic Hodge on P1\mu4,v13_open_gates.py,-,,Physical (conditional; sharpened),true
FLAV.H2.01,H2 splitting type 4=1+1+2; coker R = Z8 (branch fixed),Lattice,tfpt_2,FLAV.R.01; Mehta-Seshadri (U),v4_flavor_matrix.py,-,,Lattice,true
FLAV.TH12.01,solar angle sin^2 th12 = 1/3 - phi0/2 = 0.30675 via explicit mu-tau texture,Numerical,tfpt_3;tfpt_2,FLAV.R.01; eps=3phi0/4 (~c3 conditional),v9_neutrino_texture.py,NuFIT 6.0 (0.307),,Numerical,true
FLAV.SOLAR.01,"dual anchor a^T R^-1 = a^T L^-1 = (-1/2,-1/2,1) exact; eps=(N_fam/|mu4|)phi0=3/4 phi0 (leading term = c3 exact); full PMNS readout",Numerical,tfpt_2,FLAV.R.01; dual-anchor identity,v16_solar_dual_anchor.py,NuFIT 6.0,,Numerical,true
FLAV.RESOLV.01,finite hexagonal resolvent D_y^-1 = (sum y^{5-m} delta^m U6^m)/(y^6-delta^6) proven; quark c-digits need U_f* holonomy (open finite step),Lattice,tfpt_2,C6 transport kernel,v17_hexagonal_resolvent.py,-,,Lattice,true
FLAV.QUARK.01,"charged-fermion Yukawas y=lambda_Y^L*Lambda reproduce quark source ratios exactly (mu/md=0.470085, mc/ms=13.61, mt/mb=40.80), lepton c=(16/7,4/3,7/6) to Lambda rounding, full hierarchy; exact quark c rationals need U_f* holonomy",Numerical,tfpt_2,FLAV.RESOLV.01; word-lengths; Lambda table,v18_quark_yukawa.py,"PDG/NuFIT (mu/md~0.47, mc/ms~13.6)",,Numerical,true
FLAV.UFSTAR.01,"exact pole delta_ph=z_*^(1/6), z_*=(794-7sqrt9961)/2187 (2187=3^7); bare resolvent fails lepton ratios 3-11x (holonomy essential); required Lambda=(0.475,1.107,0.917), Lambda_mu>1 => non-unitary resolvent dressing; D4-symmetric SU(3) monodromy constructible but D4-fixed locus POSITIVE-DIMENSIONAL => exact quark c reduce to the (U) stable-point selection",Numerical,tfpt_2,H2 monodromy; Mehta-Seshadri; (U),v19_monodromy_moduli.py,-,,Numerical,true
FLAV.LEPTONC.01,"lepton c's DERIVED: non-anchor c=|mu4|^w/(5/4-cos(r pi/3)) at delta=1/2,y=1 gives c_e=16/7,c_mu=4/3 exactly; anchor from product rule prod c=2^gcar/Nfam^2=32/9 gives c_tau=7/6; reproduces (8/7,12/7,3/2) ratios. Lepton-specific: down sector forces c_d/c_s=4 vs actual 0.94 (quarks structurally different)",Identity,tfpt_2,"delta=1/2 (distinguished); hexagon resolvent; g_car,N_fam,mu4",v20_lepton_c_derivation.py,PDG lepton ratios,,Identity,true
FLAV.SOLAR.02,"solar coefficient is the A3 glue-norm: eps=q(A3)*phi0=(3/4)phi0, q(A3)=3/4 the same norm in q(D5)+q(A3)=2; leading term = c3 exact; sin^2 th12=1/3-phi0/2=0.30675. Product rule 32/9=2^gcar/Nfam^2 interpreted (full Clifford dim/Nfam^2); sum L_lepton=16=dim S+. Quark non-extension: cusp-leg law gives c_c/c_s=1/7 vs actual 0.724",Identity,tfpt_2,FLAV.SOLAR.01; FLAV.LEPTONC.01; E8 glue norms,v21_solar_product_quark.py,NuFIT 6.0,,Identity,true
ANCHOR.GEN.01,"anchor-first: a=(1,1,2) elementary symmetric e_k=(4,5,2)=(|mu4|,g_car,|Z2|), c3=1/(2 e1 pi)=1/(8pi); power sums p_n=2+2^n give |R(E8)|=p1p2p3=240, dim E8=248, rank=p4-p3=8, binary ladder 2^n. Inputs reduce {c3,g_car} -> {a,pi}",Identity,introduction;tfpt_1,"a=(1,1,2) parabolic anchor",v23_anchor_generator.py,-,,Identity,true
FLAV.QRATIO.01,"quark RATIO closure: c_u/c_d=g_car*11/(Nfam^2 DeltaQ)=55/117, c_c/c_s=p5(a)/(Oadm-1)=34/47, c_t/c_b=Nfam/(2 DeltaQ)=3/26; mass ratios 0.470085/13.605/40.81 match targets <0.03%; rational c gauge (1/2,117/110,47/41,34/41,8/3,4/13), Lambda_q in O(1). c_c/c_s and c_t/c_b have clean single-reading blocks; c_u/c_d '11' is NOT uniquely forced (>=5 readings) and 55/117=table ratio 0.440/0.936 -> stays [P]",Identity/Numerical,tfpt_2,FLAV.RESOLV.01; anchor p5=34; DeltaQ=13; Oadm=48,v24_quark_ratio_closure.py;v26_flavor_frontier_unification.py,"PDG/FLAG 2024 (mu/md,mc/ms,mt/mb)",,[I] ratios closed on the DERIVED selector stratum (v49/v69/v71); '11'=||Pl(K)||_1 generated (v42); original 'stays [P]' superseded,true
FLAV.UGATE.01,"UNIFICATION: c_u/c_d '11', Q-geometry (B3), R mod (U) (B4), H2 parabolic<->transport (A2) all reduce to ONE gate = the (U) stable-point selection. SHARPENING: cusp weights put O(-2)+O(-1)^2 on the parabolic STABILITY WALL (sum w=4; w1<2 & w2,w3<1 unsatisfiable since w1=4-w2-w3>2) -> nabla_F* is the unique POLYSTABLE point (explains the positive-dim D4 locus of v19)",Open (sharpened to one wall-selection),tfpt_2,FLAV.UFSTAR.01; FLAV.QRATIO.01; GATE.QGEO.01; GATE.RU.01,v26_flavor_frontier_unification.py,-,,SUPERSEDED -> FLAV.RIGID.01/02: quark ratios [I] closed (v49/v71); only U_point (absolute amplitude normalisation) = anchor [A],false
GATE.UWALL.01,"(U_wall) explicit: balanced wall representative W_wall=(1/3)[[2,1,2,1],[1,0,0,2],[0,2,1,0]] (cols=perm(0,1,2), rows w=(2,1,1) lift degs (-2,-1,-1) to pardeg 0); selector nabla_F*=Sel_{D4,cusp,detR=8,Q+}(M_par); solving one D4-fixed polystable Hitchin point yields R,Q,U_f*,c_u/c_d,exact c_q,H2 together. HONEST (C_U1): 144 walls -> 5 orbits under full symmetry, so uniqueness needs the selector (U4), NOT symmetry (Lemma U1 corrected)",Open (one finite moduli point),tfpt_research_contracts;tfpt_2,FLAV.UGATE.01; Mehta-Seshadri; nonabelian Hodge,v27_wall_representative.py;v29_research_contract_certs.py,-,,SUPERSEDED -> FLAV.RIGID.02: ratios closed combinatorially (integer Plucker); only the absolute amplitude scale is the anchor,false
CONTRACT.U.01,"Research Contract 1 (U_wall): lemma chain U0-U6 + Theorem U; priority 1 (finite, algebraic, falsifiable via U2 kill switch). Certified: C_U^(1) wall enumeration (5 orbits); C_U^(2) FULL D4-fixed character variety is POSITIVE-DIMENSIONAL (reflection does not isolate the point); R(rho) characterized: CASE A ALIVE (all D4-fixed monodromies irreducible -> nontrivial mixing, U2 does not fire to B) and R(rho) is NOT algebraic (R integer, tr(M1M2) continuous) => R(rho) is the transcendental non-abelian-Hodge parabolic-degree map. C_U^(3) residual = the Hitchin/harmonic-metric solve (research-level)",Open (research contract),tfpt_research_contracts,GATE.UWALL.01,v29_research_contract_certs.py;v30_d4_character_variety.py;v31_R_dictionary.py;v32_rh_splitting.py,-,,"UPDATED -> FLAV.RIGID.01/02: contract ratio-side closed (v49/v71); residual = U_point absolute anchor (+ G_metric, separate gate)",false
RH.SPLIT.01,"RH route progress: exponent collapse sum_k U^k A0 U^-k = 4 diag(A0) exact (U=diag(1,i,-i)); integer-exponent options = perms of (2,1,1),(2,2,0); SPLITTING type made ALGEBRAIC: O(-2)+O(-1)^2 <=> diag(A0)=(1/2,1/4,1/4) (Schur-Horn realizable). Wall: product=I is path-ordered (not exp of sum) -> off-diag(A0) via RH solve; R-extraction needs C6<->P1mu4 bridge; c_u/c_d NOT obtained (no fabrication)",Numerical (partial; honest wall),tfpt_research_contracts,CONTRACT.U.01,v32_rh_splitting.py,-,,Numerical (partial; honest wall),true
RH.BUNDLE.01,"EXPLICIT valid (U_wall) flat bundle constructed via numerical RH solve: A0 (eig {0,1/3,2/3}, diag (1/2,1/4,1/4)) realises cusp class + splitting O(-2)+O(-1)^2 (SigmaA_k=diag(2,1,1)) + trivial infinity monodromy ||M_inf-I||~1e-9 (=> prod M_k=I) + IRREDUCIBLE (case A, nontrivial mixing). Existence + case A confirmed; unique nabla_F* needs det R=8; c_u/c_d needs H2 bridge",Numerical (explicit realisation),tfpt_research_contracts,RH.SPLIT.01; CONTRACT.U.01,v33_explicit_flat_bundle.py,-,,Numerical (explicit realisation),true
BOUNDARY.01,"the two gates are the discrete<->continuous HANDOFF, not missing formulas: quark cross-ratio cleanness tracks generation (t/b=3/26 clean err 3e-5; c/s fits 21/29 AND 34/47; u/d fits 8/17 AND 55/117 -> '11' not forced) = QCD/scheme-sensitivity boundary (FLAG). Compiler gives clean skeleton (K ladder, word-lengths, splitting, t/b); light-quark c's are QCD-dressed. Gravity same shape (R+R^2 clean; full measure = continuous completion)",Conceptual (verified),introduction;tfpt_4,FLAV.QRATIO.01; v35,v35_quark_qcd_boundary.py,FLAG 2024,,Conceptual (verified),true
H2.BRIDGE.01,"H2 bridge attempt: explicit per-puncture monodromies M_k computed (cusp class, prod M_k=I to 1e-5). HONEST NEGATIVE: |diag M_k|=(0,1/2,1/2), natural resolvent-dressed extraction h_j*g(1,r_j) does NOT reproduce lepton amplitudes (0.475,1.107,0.917). The Gamma^min geodesic-to-word dictionary (C6 hexagon <-> family rho*) is genuinely missing; R stays combinatorial (H1+det R=8); c_u/c_d NOT obtained, no fabrication",Numerical (honest negative),tfpt_research_contracts,RH.BUNDLE.01,v34_h2_bridge_attempt.py,-,,Numerical (honest negative),true
CONTRACT.G.01,"Research Contract 2 (G_metric): lemma chain G0-G8 + Theorem G; priority 2 (deep analytic programme). Certified: G5 gap-dominance 2||V||=0.785<Delta=2.433, Delta_eff>1.647",Open (research contract),tfpt_research_contracts,GATE.METRIC.01; GRAV.FR.01,v29_research_contract_certs.py;v28_gravity_fR.py,-,,Open (research contract),true
GRAV.FR.01,"R+R^2 covariant field equation CLOSED [I/P]: f(R)=R+R^2/(6M^2), M=c3^(7/2)Mbar=3.06e13 GeV=scalaron mass (m^2=1/(3 f_RR)=M^2); f(R) Einstein-side eq + 4D trace; N*=57 -> n_s=0.96491,r=0.00369,A_s=2.17e-9. Full metric measure OPEN [A] (G_metric); rel bound 248 c3^2=0.393<6log(3/2)=2.433",Identity/Physical (regime) + Open (full measure),tfpt_2;tfpt_4,QG.AMB.01; scalaron c3^7,v28_gravity_fR.py,"Planck 2018 (n_s,A_s)",,Identity/Physical (regime) + Open (full measure),true
FR.KOIDE.02,"CONJECTURE: Q_l source=0.66446; Q_source+phi0/|W(A3)|=Q_source+phi0/24=0.666679 overshoots 2/3 by 1.3e-5 (source->pole correction conjecture, |W(A3)|=24)",Physical (conjecture),tfpt_4,FR.KOIDE.01,v25_frontier_conjectures.py,PDG,,Physical (conjecture),true
FR.DM.02,"CONJECTURE: determinant-line axion f_a=M_scal/(2 dim S+ |mu4|)=M_scal/128~2.39e11 GeV -> m_a~23.8 ueV (cosmological scenario, not closed)",Physical (conjecture),tfpt_4,FR.DM.01; M_scal=c3^{7/2}Mbar,v25_frontier_conjectures.py,-,,Physical (conjecture),true
FLAV.CKM.01,CKM core s12=lambda_C; s23; s13; delta=pi/3+3lC^2,Numerical,tfpt_1;tfpt_2,seed phi0,-,PDG / HFLAV,,Numerical,true
CAS.01,cascade D_n=60-2n: endpoints; exponent rungs -> 240; IR tail 46080; variance 6552,Lattice,tfpt_3,-,v5_e8_cascade.py,-,,Lattice,true
BOOT.01,bootstrap mu^2-5mu+4=0; g_car=5 three ways; 8=rankE8=h(D5)=phi(30),Lattice,tfpt_3,-,v6_bootstrap.py,-,,Lattice,true
GRAV.SCAL.01,scalaron exponent 7; M_scal^2/Mbar^2 = c3^7 (3.06e13 GeV),Numerical,tfpt_1;tfpt_2,AX.P1.01,v7_gravity_cosmo.py,-,,Numerical,true
COSMO.LAM.01,rho_Lambda/Mbar^4 = (3/4pi^2) e^{-2 a^-1} = 7.125e-121 (dark-energy scale 2.2375 meV),Numerical,tfpt_1,EM.FP.01,v7_gravity_cosmo.py,Planck (rho_L^1/4 ~ 2.24 meV),,Numerical,true
COSMO.INF.01,Starobinsky A_s; n_s=1-2/N*; r=12/N*^2,Numerical,tfpt_1;tfpt_2,GRAV.SCAL.01,v7_gravity_cosmo.py,Planck; BICEP/Keck BK18; CMB-S4,,Numerical,true
COSMO.OMB.01,Omega_b = (1-1/4pi) phi0 = 0.04894,Numerical,tfpt_1;tfpt_3,AX.P1.01; phi0,v7_gravity_cosmo.py,Planck (0.04897),,Numerical,true
HOR.01,horizon unit code: 1/(2pi)=4c3; 1920=|W(D5)|; S_dS; Page; beta_rad,Physical (reframe; not new physics),AppendixH,AX.P1.01,v8_horizon.py,standard horizon physics,,Physical (reframe; not new physics),true
SM.RG.01,dimensionful EW/QCD masses (m_W; m_Z; m_H; sin^2 thetaW; alpha_s),Physical (scheme/RG),tfpt_2,RG threshold matching,-,PDG,,Physical (scheme/RG),true
SM.QFT.01,admissible-sector QFT measure (gap 6 log 3/2; RP from cusp; OS),Numerical/Conditional,tfpt_2,reflection positivity,-,-,,Numerical/Conditional,true
QG.AMB.01,ambient/metric-sector measure = full quantum gravity,Open,tfpt_4 (status source); tfpt_2 conditional reduction,ambient RP,-,-,,Open,true
FR.ETAB.01,baryon asymmetry eta_B = 6.1e-10 (downstream of Omega_b),Physical (conditional),tfpt_4,COSMO.OMB.01,-,Planck,,Physical (conditional),true
FR.MPME.01,proton/electron ratio m_p/m_e (cross-sector QCD),Open,tfpt_4,QCD confinement,-,CODATA (1836.15),,Open,true
FR.KOIDE.01,Koide Q = 0.664 (near 2/3; not exact),Physical (near-miss),tfpt_4,-,-,PDG lepton masses,,Physical (near-miss),true
FR.DM.01,dark matter: axion candidate fixed; relic scale (f_a; m_a) open,Open (relic scale),tfpt_4,strong-CP determinant-line,-,-,,Open (relic scale),true
GATE.QGEO.01,"RESIDUAL GATE (5.0 review, B3): geometric origin of Q -- Q_+ spectrum {1,2,3}=A3 exponents and Q_-^2|supp=N_fam algebraically forced; deriving Q_+/Q_- from D4-equivariant parabolic geometry on P1\mu4 is open; do NOT promote",Open,tfpt_2,FLAV.QGEO.01; FLAV.UFSTAR.01,v13_open_gates.py;v19_monodromy_moduli.py;v22_open_gates_audit.py,-,,SUPERSEDED -> FLAV.QGEO.02 + v69/v70: Q-geometry derived (D4-equivariant); residual sharpened to det Q = N_fam,false
GATE.RU.01,"RESIDUAL GATE (5.0 review, A2/B4): R derived only up to Mehta-Seshadri unitarity (U); parabolic scaffolding forced (deg E=-4, split 2+1+1 unique, det R=8); D4-fixed locus positive-dim, (U) selects stable point; keep visible, not unconditional",Physical (conditional),tfpt_2,FLAV.UFSTAR.01,v19_monodromy_moduli.py;v22_open_gates_audit.py,-,,"UPDATED -> v69/v70 + FLAV.RIGID: R selector derived (det R=8 lattice, Spec Q+ from D4); ratios rigid (v49)",false
GATE.NSTAR.01,"RESIDUAL GATE (5.0 review, B5): N_star is a reheating INPUT (observed n_s=0.9649 -> N*=57, continuous), not a compiler consequence; kept [P]",Physical (input),tfpt_2;tfpt_3,reheating,v22_open_gates_audit.py,Planck n_s,,Physical (input),true
GATE.METRIC.01,"RESIDUAL GATE (5.0 review, B6/C7): full covariant metric-sector field equation open; c3=1/8pi is the gravitational seam constant; R+R^2/scalaron (M=c3^{7/2}Mbar) is a low-curvature readout, NOT closure; boundary-kernel metric measure beyond FRW not constructed",Open,tfpt_2;tfpt_4,QG.AMB.01,v22_open_gates_audit.py,-,,Open,true
QG.G2.01,"G2 grounded: spectral-action Seeley-DeWitt for Dirac (E=-R/4, tr I=4) gives a2~-R/3 (Einstein-Hilbert) + a4~R^2/72 (R^2), i.e. R+R^2 STRUCTURE convention-independently; M^2/Mbar^2=6(4pi)^2/f0, TFPT closure c3^7 fixes f0; M=c3^{7/2}Mbar=3.06e13 GeV",Numerical (structural grounding),tfpt_research_contracts,GATE.METRIC.01; v28,v36_spectral_action_g2.py,standard Gilkey/Chamseddine-Connes,,Numerical (structural grounding),true
QG.GAPDEC.01,"SIMPLER resolution: gap decoupling. 2||V_metric||=0.785<Delta=6log(3/2)=2.433 => Delta_eff=1.648>0; admissible sector keeps positive gap under metric dressing => decoupled from un-built ambient; physical QG = closed admissible-sector measure, ambient (G6) = math completeness, gap-decoupled & inert",Physical (conditional reframe),tfpt_research_contracts,GATE.METRIC.01; G5,v36_spectral_action_g2.py,-,,Physical (conditional reframe),true
GATE.WOLFRAM.01,"second [C] path VERIFIED RUNNING: Wolfram Engine 14.3 reproduces alpha^-1, E8 glue, M=41, K/Q ladder, lepton c, solar angle, anchor generator, quark ratios, G2 heat-kernel (a2=-R/3,a4|R2=R2/72), Plucker apparatus (11,26,60 + pencil + dualities + lepton ring), (U_wall) selectors (Spec Q+, det R=8), Exterior Leg Lemma (scalar leg=>c_u/c_d=1; anchor microcode 55/117), carrier exterior grading (16=Lambda^even(5), exterior degrees (2,4)), the '11' is Pascal (||Pl(K)||_1=sum_{k<=2}C(4,k)=16-g_car; 15=dim su(4)=10+5=N_fam*g_car), Grand Mass Volume (det M_SM~u^25=u^g_car^2; K-row sums (6,9,10)), Selection Theorem (q(D5)+q(A3)=2, glue 4=|mu4|, only n=5 gives 16-spinor), EM Ward (8b1=(4/5)M=164/5, -5/4=q(D5)), Q geometry (chi Q+/Q-), Readout Rigidity (55/117 stratum-constant), delta=1/2 glue-norm 4-ops, pencil endpoints, compiler core (5,3)+Pythagorean, seam=horizon keystones (triply-8, shared (2/3)^6), Coxeter cycle (order 30, exponents=totatives), unique attractor (gap, Coxeter planes), S_dS carrier decomposition, horizon cross-links (Jacobson 8pi, Hod ln3, |W(D5)|), seam-horizon chain (one-sided Gauss-Bonnet, seam units), area-law seam units 8=|Z2||mu4|, Lambda branch 3/(4pi^2) + K5 counts, CFT bridge (WZW c=8/5/3, c_coset=0), Seam-Engineering Index Xi=31/(24pi^2 log(3/2)), E8 Casimir degrees=atoms, central-theorem closure (2pi c3=1/4, k=c3/2), Seeley-DeWitt a2 (1/G UV-sensitive), D4-equivariant Q-geometry, Q integer-lift (det Q=N_fam), simple R-bridge (det ladder (3,4,8,20), selector stratum derived => 55/117 integer Plucker), det Q=N_fam from cusp order (v72), k=c3/2 forced by variation x Gauss-Bonnet topology (v73), compiler micro-lemmas (pencil differences 2-16-48, anchor QF 41-25=16) (v74), Gate 1 U_point->v_geo (lepton product 32/9, ratios+product bijection) (v75), Gate 2 decoupling margin 6log(3/2)-31/(4pi^2)>0 (v76), G6 via E8 level-1 net (c=8/5/3, embedding) (v77), v_geo floor (S_dS rho_Lambda=32pi^4) (v78), hypercharge Lucas-Binet (1,1,7,13,55,133) + Inverse Anchor Theorem (1^T M^-1 1=1/atom, a^T M^-1 a=1) (v79), operator-pencil geometry (anchor singularity det B(K+xQ)=(3x+2)(3x+5), block-det type checker (9,10,16,40), F4xG2 shadow 52+14+26*7=248) (v80), double cover y^2=det B(K+xQ) branched at Koide -2/3 & carrier -5/3, disc=81=N_fam^4, clearing matrices C_{2/3}/C_{5/3}, branch-divisor symmetric fns = (scalaron,A_Lambda) (v81) (116/116 pass on independent engine; EE area-law is Python-only)",Numerical (second path),verification/wolfram,"mirrors v1;v2;v3;v10;v13;v16;v20;v21;v23;v24;v36;v37;v39;v42;v44;v45;v46;v47;v48;v49;v50;v51;v52;v53;v54;v55;v56;v57;v58;v59 (algebra only);v60;v61;v62 (data-confrontation, Python-only);v63;v64 (no-CTC core numerical, Python-only);v65 (falsification layer, Python-only);v66;v67;v68;v69;v70;v71;v72;v73;v74;v75;v76;v77;v78;v79;v80;v81",wolfram/tfpt_readouts.wl,-,,Numerical (second path),true
FLAV.PLUCKER.01,"anchor-plane Plucker apparatus (anti-numerology): left/right 2x2 minors of B_M=(1^T M; a^T M) and C_M=(M1 Ma) for R,Q,K,L are compiler atoms; ||Pl(K)||_1=11 (localizes the '11' in K), ||Pl_R(K)||_1=Pl(L)_13=26, sum Pl_R(L)=60=cascade start; inverse col-sums {1,5,6}; quark ratios are anchor-plane Plucker readouts. Identities [I]; physical amplitudes STAY [P]",Identity (audit layer),tfpt_2;tfpt_3,FLAV.QRATIO.01; AX anchor a,v37_plucker_anchor.py,-,,Identity (audit layer),true
FLAV.PENCIL.01,"K+xQ pencil: L=K+Q => mass and transport are one pencil P(x)=K+xQ with det(K+xQ)=3x^3+7x^2+6x+4=(N_fam, scalaron 7, |R^+(A3)|, |mu4|); chi_K=t^3-9t^2+12t-4; [K,L]=[L,Q]=[K,Q], chi_[K,Q]=t^3+5t+14 (5=g_car,14=dim G2 audit); K_e-K_u=a, L_e-L_u=Exp(A3); lepton ring c_e c_tau=|Z2| c_mu",Identity,tfpt_2;tfpt_3,v10 K=R+Q*Sigma,v37_plucker_anchor.py,-,,Identity,true
FR.KOIDE.03,"sharper Koide source->pole conjecture: multiplicative seed transfer u->(1-1/(2 N_fam^3))u=(53/54)u (54=2*3^3=|Z2| N_fam^3, no new free number) gives Q=0.66666610, dev -5.7e-7 from 2/3 (10x better than additive phi0/24); research gate: derive the leptonic seed transfer",Physical (conjecture),tfpt_4,FR.KOIDE.01; lepton c,v37_plucker_anchor.py,PDG lepton masses,FR.KOIDE.02,Physical (conjecture),true
GATE.UWALL.02,"(U_wall) U2 kill-switch HARDENED: kill-switch fires iff D4-cusp rep reducible; across 400 random cusp-class generators M_k=U^{k-1}MU^{1-k} commutant is scalar at every point (irreducible 400/400), reducible locus measure-zero (codim>=1), mixing strength >=0.35 => case A (nontrivial SU(3)_F mixing) is GENERIC not anecdotal; (U_wall) survives its cheapest falsification test. RESIDUAL: amplitude dictionary Gamma^min (Hitchin output for c_u/c_d) still research-level; R combinatorially closed",Numerical (survival hardened),tfpt_research_contracts,CONTRACT.U.01; v33,v38_uwall_killswitch.py,-,,Numerical (survival hardened),true
GATE.UWALL.03,"(U_wall) SELECTOR side closed on the explicit point (algebraic, no PDE): exponents at inf eig(sum A_k)={2,1,1}=anchor a => splitting O(-2)+O(-1)^2; pardeg=0 (deg E=-4=-|mu4| + 4 weight-sums of 1) => polystable; det R=8=n.a (anchor pairing on splitting type); Spec(Q_+)={1,2,3}=3*alpha+1 (alpha=cusp weights {0,1/3,2/3}) => both U4 selectors read off the bundle. RESIDUAL: amplitudes c_u/c_d are the finer harmonic-metric/Hodge datum (Gamma^min Hitchin), not fixed by splitting+weights",Numerical (selector side closed),tfpt_research_contracts,GATE.UWALL.02; v33; FLAV.R.01,v39_uwall_selectors.py,-,,Numerical (selector side closed),true
GATE.UWALL.04,"(U_wall) harmonic metric = FINITE linear algebra, NOT a transcendental Hitchin PDE: polystable point is unitary (Mehta-Seshadri) => Phi=0, harmonic metric = constant invariant form H. Explicit bundle: raw M_k non-unitary (||M^dag M-I||~0.83) but UNIQUE invariant Hermitian form H (null dim 1) is POSITIVE-DEFINITE => unitarisable; unitarised M~_k=H^{1/2}M_k H^{-1/2} unitary (1e-8), cusp class, prod=I, clean elements {0,1/2,1/sqrt2}. So v31 'transcendental Hitchin' applies only to generic Higgs locus; at the selected point R(rho) reduces to finite unitarisation + combinatorial R (closed). RESIDUAL: final c_u/c_d needs the quark leg/hexagon-site composition; not fabricated",Numerical (Hitchin reduced to finite),tfpt_research_contracts,GATE.UWALL.03; v31; v33; Mehta-Seshadri,v40_harmonic_metric.py,-,,Numerical (Hitchin reduced to finite),true
GATE.UWALL.05,"(U_wall) FINAL leg-assignment test (honest result): (i) delta=1/2 resolvent reproduces lepton c=(16/7,4/3,7/6) exactly => Lambda=(0.475,1.107,0.917); (ii) Lambda_mu=1.107>1 RULES OUT amplitudes=unitary holonomy moduli (modulus bound); (iii) SUGGESTIVE: harmonic-frame |diag M~_0|=(0,1/2,1/2), the 1/2 = delta=1/2 => geometry supplies delta (point observation, genericity future); (iv) CLEAN NEGATIVE: (I-1/2 M~)^-1 != amplitude vector. VERDICT: amplitudes are the combinatorial delta=1/2 resolvent; holonomy supplies delta+leg not magnitude; c_u/c_d NOT obtained from holonomy alone (no fabrication)",Numerical (honest negative + suggestive link),tfpt_research_contracts,GATE.UWALL.04; v20; v40,v41_leg_assignment.py,PDG lepton ratios,,Numerical (honest negative + suggestive link),true
GATE.UWALL.06,"EXTERIOR LEG LEMMA (re-types the v41 negative as a category error): u,d share hexagon-radial (r,w)=(1,1) and the C6 resolvent reads only (r,w) => ANY scalar leg gives c_u/c_d=1 identically (scalar sees radius not orientation). The u/d split is the smallest non-scalar invariant = exterior square Lambda^2 F = oriented anchor-plane area Pl_{1,a}(K). The '11' is GENERATED: (K,1,a)->B_K=[[13,8,4],[18,11,6]]->Pl(K)=(-1,6,4)=(-N_Phi,|R+A3|,|mu4|)->||Pl(K)||_1=11. c_u/c_d=g_car*||Pl(K)||_1/(N_fam^2 Delta_Q)=55/117 [I]; anchor microcode e2(a)(p3+1)/(p0^2(2p2+1)). TYPING: [I] Plucker/microcode identities; [P] physical C_ud(rho*)=Lambda^2 F readout needs finite U_f* selection on Lambda^2 F. Residual re-typed: 'find scalar y' -> 'show U_f* induces anchor-plane readout on Lambda^2 F'",Identity [I] + Physical [P],tfpt_research_contracts;tfpt_2,GATE.UWALL.05; FLAV.PLUCKER.01; v37,v42_exterior_leg.py,-,,Identity [I] + Physical [P],true
FLAV.RIGID.01,"Readout Rigidity (Theorem U2): c_u/c_d is CONSTANT on the discrete selector stratum S_{8,Q}={det R=8, SNF(R)=(1,1,8), Spec(Q+)={1,2,3}}, independent of the continuous D4 position => c_u/c_d=55/117 needs NO point-uniqueness. (U_wall) splits into U_unitary (v40, Phi=0 finite) + U_H2 (v39, R/Q/K from bundle) + U_Lambda2 (v42/v45, exterior Plucker 55/117) + U_point (open, only for full U_f* matrix). D4 fixes the chamber, selectors cut the point. The flavor bridge is a finite exterior readout-rigidity theorem, NOT a PDE gate",Identity [I] (rigidity) + [A] (U_point),tfpt_research_contracts,GATE.UWALL.03; v39; v40; v42,v49_readout_rigidity.py,-,FLAV.UGATE.01;GATE.UWALL.01;GATE.RU.01;CONTRACT.U.01,Identity [I] (rigidity) + [A] (U_point),true
FLAV.QGEO.02,"Q geometry (Theorem Q): Sigma-split Q_+=(Q+SigQSig)/2=[[3,0,0],[0,2,0],[0,2,1]] (chi=(t-1)(t-2)(t-3), Spec={1,2,3}=A3 exponents), Q_-=[[0,1,0],[3,0,0],[3,0,0]] (chi=t(t^2-3), Q_-^2|supp=3=N_fam). UNIQUE nonneg-integer Q with rows(4,5,6), cols(9,5,1), chi_Q+, chi_Q- (enumeration) => K=R+Q*Sigma is the second Sigma-shadow of the same parabolic flavor operator. Algebraic normal form [I]/[L]; D4-equivariant parabolic realisation of Q_+/Q_- on P1\\mu4 remains [P] (GATE.QGEO)",Identity/Lattice [I]/[L] + [P] geometry,tfpt_2,FLAV.KQ.01; GATE.QGEO.01,v50_q_geometry.py,-,GATE.QGEO.01,Identity/Lattice [I]/[L] + [P] geometry,true
SEL.THM.01,"Boundary Carrier Selection Theorem (Theorem A): admissible boundary-carrier data SELECT (D5+A3)+mu4=E8 uniquely. Boundary mu4->H1=Z^3->A3,N_fam=3; minimal 16-spinor->D5 (only n=5); disc(D5)=disc(A3)=Z4 cyclic anti-isometric, q(D5)+q(A3)=5/4+3/4=2=E8 root norm, glue index 4=|mu4|, E8 unique even unimodular rank 8. Four simultaneous conditions (16-spinor, N_fam=3, cyclic Z4, q-sum 2) met ONLY by D5+A3; D8 (non-cyclic, no family), E7+A1 (1 fam), E6+A2 (2 fam, Z3), A4+A4 (Z5), A8 (single) excluded. Lattice facts [L]; physical selection (P1 seam + P2 carrier => these inputs) is [P]/[A] selection axiom, not zero-input derivation",Lattice [L] + selection [P],tfpt_1,E8.GLU.01; BOOT.CLASS.01; v1; v15,v47_selection_theorem.py,-,,Lattice [L] + selection [P],true
EM.WARD.01,"EM Boundary Ward decomposition (Theorem C): F_U(1)=0 read as reduced boundary U(1) Ward identity in three terms - Maxwell alpha^3 + Calderon -2c3^3 alpha^2 (2=|Z2|) + transport -8b1 c3^6 log(1/phi_seam). Coefficient identities EXACT [I]: 8b1=(4/5)M=(4/5)(sumL+N_Phi)=164/5; seam exponent -5/4=-q(D5); transport power c3^6=C6 hexagon. Root reproduces alpha^-1=137.0359992 (v3). Physical Ward ORIGIN (EM1/EM2/EM3: d_tau log Z = each term) is [P] interpretation, NOT machine-proven",Identity [I] + physical origin [P],tfpt_1,EM.FP.01; v3,v48_em_ward.py,-,,Identity [I] + physical origin [P],true
FLAV.MASSVOL.01,"Grand Mass Volume = the absolute mass-scaling normalisation [I] (NOT a [P] product rule): the individual c_q are a gauge, but the sector mass-matrix determinants are clean phi0-powers = K-row sums: det M_up~phi0^(4+2+0)=phi0^6=phi0^|R+(A3)|, det M_down~phi0^9=phi0^N_fam^2, det M_lep~phi0^10=phi0^A_Lambda; Grand Mass Volume det M_SM~phi0^(6+9+10)=phi0^25=phi0^g_car^2=phi0^Delta_Y. Q-row sums (4,5,6)=(|mu4|,g_car,|R+A3|) sum 15=dim A3; 25+15=40=sum L=|R(D5)| (mass+shift=transport budget). So the absolute normalisation is an [I] determinant identity; only the overall scale v_geo is an input",Identity [I],tfpt_2,FLAV.KQ.01; FLAV.QRATIO.01,v46_grand_mass_volume.py,-,,Identity [I],true
GATE.UWALL.09,"the '11' is PASCAL (third, simplest origin; no special math): Pl(K) is the exterior algebra of the family fundamental 4=mu4 (A3=SU(4) fundamental). Lambda^k(4)=C(4,k)=Pascal row 4=(1,4,6,4,1), full sum 2^4=16=dim S+. |Pl(K)|=(1,4,6)={Lambda^0,Lambda^1,Lambda^2}(4) (distinct exterior powers). ||Pl(K)||_1=11=sum_{k<=2}C(4,k)=cumulative ext of mu4 up to degree 2=deg(u^c) (v44) = 2^4-C(4,3)-C(4,4)=16-g_car. family(x)carrier=15=dim su(4)=Lambda^2(5)+Lambda^4(5)=10+5=N_fam*g_car (three readings). c_u/c_d=g_car*(sum_{k<=2}C(4,k))/(N_fam^2 Delta_Q)=55/117. So 55/117 triply grounded in Pascal/exterior algebra [I]; physical normalisation stays [P]",Identity/Lattice [I]/[L],tfpt_research_contracts,GATE.UWALL.08; v37; v42; v44,v45_family_exterior.py,-,,Identity/Lattice [I]/[L],true
GATE.UWALL.08,"LIE-LEVEL GROUNDING of the exterior leg (no special math): the carrier half-spinor is the even exterior algebra 16=Lambda^even(5)=C(5,0)+C(5,2)+C(5,4)=1+10+5 (already in CAR.SM.01). Under SU(5)<SO(10): u^c in 10=Lambda^2(5), d^c in 5bar=Lambda^4(5) => exterior degrees deg(u)=2, deg(d)=4; deg(u)+deg(d)=6=|R+(A3)| (hexagon), deg(d)-deg(u)=2=|Z2| (sheet); up Yukawa family-symmetric Sym^2 dim6, down general dim9=N_fam^2. So the 'Lambda^2 exterior leg' is the carrier's OWN Lambda^2 grading (up quark lives in Lambda^2(5)), NOT exotic Hodge data => discrete invariant re-typed to carrier exterior DEGREE [L]. HONEST: grounds the TYPE; Plucker number 55/117 stays family Pl(K) [I]; carrier-L2<->family-L2F link (family x carrier=15) + normalisation remain [P]",Lattice/Lie [L] (typing) + [P] (normalisation),tfpt_research_contracts;tfpt_2,GATE.UWALL.06; CAR.SM.01; SU(5)<SO(10),v44_carrier_exterior.py,standard GUT rep theory,,Lattice/Lie [L] (typing) + [P] (normalisation),true
GATE.UWALL.07,"Lambda^2 F bridge test (honest): (1) POSITIVE - for SU(3) the exterior square is the conjugate rep, Lambda^2(M~)=conj(M~) exactly => the exterior leg IS the 3-bar (confirms the Exterior Leg typing); (2) anchor bivector 1^a=(0,1,1), Pl(K)=(-1,6,4) is its image under the 2nd compound of K^T (integer, combinatorial); (3) HONEST NEGATIVE - continuous Lambda^2(M~).(1^a) (moduli ~0.93,0.75,0.75) != integer Pl(K) nor its direction. CONCLUSION: the bridge rho*->Pl(K) is the DISCRETE non-abelian-Hodge invariant (integer R; det R=8 & Spec(Q+)={1,2,3} confirmed v39), NOT the continuous exterior-square action = exactly the H2 equivalence, pinned from the Lambda^2 F side. No c_u/c_d fabricated",Numerical (typing confirmed + honest negative),tfpt_research_contracts,GATE.UWALL.06; v39; v40,v43_exterior_bridge.py,-,,Numerical (typing confirmed + honest negative),true
FLAV.DELTA.01,"delta=1/2 glue-norm origin + (g_car,N_fam)/|mu4| unification: the two E8-glue discriminant norms ARE the carrier rank and family count over the glue index, q(D5)=g_car/|mu4|=5/4 (rank D5=g_car=5), q(A3)=N_fam/|mu4|=3/4 (rank A3=N_fam=3, n+1=4=|mu4|). Then all FOUR arithmetic ops are forced compiler atoms: sum=(g+n)/|mu4|=rank(E8)/|mu4|=2 (E8 root norm), diff=(g-n)/|mu4|=|Z2|/|mu4|=1/2=delta (lepton transport, used in v20 for c_e=16/7,c_mu=4/3,c_tau=7/6), prod=g*n/|mu4|^2=dim su(4)/dim S+=15/16, ratio=g/n=5/3. (sum,ratio) invert uniquely to (5/4,3/4). So delta=1/2 is the carrier-minus-family count over the glue index, not a chosen rational; it also equals the harmonic-frame holonomy diagonal modulus 1/2 (v41). Hardens v20's chosen delta into a fully atomic readout [I]",Identity [I],tfpt_1;tfpt_2,BND.GLUE.01; v20; v41,v51_boundary_half_step.py,-,,Identity [I],true
FLAV.KQ.02,"K+xQ pencil endpoints (audit ext. of v37): P(x)=det(K+xQ)=3x^3+7x^2+6x+4 anchored at four integer nodes by compiler atoms: P(-1)=2=|Z2| (K-Q sheet endpoint), P(0)=4=det K=|mu4|, P(1)=20=det L (transport), P(2)=68=2 p5(a) (twice anchor power sum p5=34). Also det(K-Q)=2=|Z2|, trace(K-Q)=3=N_fam. Audit-level detail of the mass->transport pencil, not a new gate [I]",Identity [I],tfpt_2,FLAV.KQ.01; v37,v52_pencil_endpoints.py,-,,Identity [I],true
GATE.QGEOM.02,"Integer-lift of Q - residual sharpened to ONE named lattice invariant det Q=N_fam (honest reduction, not closure) [I]/[L]. Continuing v69: (1) DERIVED - in the mu4-puncture homology basis {g1,g2,g3} (g4=-(g1+g2+g3)) the Z4=mu4 rotation is the integer matrix R=[[0,0,-1],[1,0,-1],[0,1,-1]], char (t+1)(t^2+1), eigenvalues {-1,i,-i}, R^4=I, R UNIMODULAR (det=-1, SNF=I). (2) the documented transport Q (rows (4,5,6)=(|mu4|,g_car,|R+A3|), cols (9,5,1)=(N_fam^2,g_car,1)) has det Q=3=N_fam, SNF=diag(1,1,3) - the transport DETERMINANT equals the family count. (3) so Q is NOT a unimodular change of basis of R (det -1 vs det 3): the integer lift is precisely the parabolic-degree-0 embedding carrying the extra det=N_fam (family multiplicity) that D4 alone (unimodular) does not supply. RESIDUAL of gate Q-geometry is thus one named invariant det Q=N_fam; spectra+Sigma-split already derived (v69). EHRLICH: D4 alone does NOT close the integer lift - it needs this one lattice datum",Identity/Lie [I]/[L],tfpt_2,GATE.QGEOM.01; v69; v50,v70_q_integer_lift.py,-,,Identity/Lie [I]/[L],true
GATE.QGEOM.01,"D4-equivariant derivation of the Q-geometry (Alessandro residual gate #2) - advances Theorem Q from [P] (algebraically forced) to [L] (geometrically derived). The 4 punctures mu4={1,i,-1,-i} are square vertices with symmetry D4=Z4 semidirect Z2 (the 90-deg rotation z->iz IS mu4; the reflection is the sheet parity Sigma). (1) the Z4 4-cycle on the punctures acts on H_1(P^1\\mu4)=Z^4/(sum=0)=Z^3 (3 families) with eigenvalues {i,-1,-i} (non-trivial 4th roots); (2) the D4 permutation rep on square vertices = A1+B1+E (1+1+2), so H_1(sum=0)=B1(+)E; (3) Q_+ (Sigma-even) = 3*(parabolic cusp weights {0,1/3,2/3})+1 = diag(1,2,3) => char (t-1)(t-2)(t-3), Spec{1,2,3} (matches v50); (4) Q_- (Sigma-odd) = E-block coupling sqrt(3)=sqrt(N_fam) with B1 in kernel => char t(t^2-3), Q_-^2 eigenvalues {0,3,3} (matches v50); (5) the Sigma-split (Q_+/Q_-) IS the D4=Z4(mu4)semidirect Z2(reflection=Sigma) structure. So the Q SPECTRA and the Sigma-split are DERIVED from the D4-equivariant geometry of P^1\\mu4 [L]; residual: the cusp weights {0,1/3,2/3} are the established monodromy exponents (v61), and the explicit integer matrix Q still needs the lattice/SNF datum",Lie/lattice [L],tfpt_2,QGEOM (was GATE); v50; v61; Theorem Q,v69_d4_q_geometry.py,D4 representation theory; standard,,Lie/lattice [L],true
SEAM.AREACOEFF.02,"Central-theorem RESIDUAL RESOLVED (honestly) as an anchor, not a gap [I-symbolic + L]. The Seeley-DeWitt coefficient for the carrier Dirac operator is a2 = (1/(4pi)^2)(1/6)(R d + 6E d) with E=-R/4 (Lichnerowicz) = -d/(192 pi^2) R, d=carrier dof (16=dim S+ or 32=2^g_car). The induced Einstein-Hilbert coefficient is 1/(16 pi G)=f2 Lambda^2 d/(192 pi^2) - UV-SENSITIVE (depends on the seam cutoff Lambda and the cutoff moment f2). So 1/G is NOT a pure number (Sakharov 1967 / Connes spectral-action induced gravity); the residual k=c3/2 (v67) is the seam normalization P1 carried through the heat kernel, NOT a free-standing derivation, and the physical identification 'seam scale=observed Planck scale' is the ONE irreducible dimensionful anchor (v_geo; no metre from pure math, units argument). What IS cutoff-independent and derived: the R^2 coefficient (Starobinsky, v36/G2 a4|R2=R2/72), the scalaron mass M_scal=c3^(7/2) Mbar~3.06e13 GeV, v_GW=c (v8). CONCLUSION: the central theorem is 'maximally closed' - structure proven (v67), predictive gravitational content derived, residual = the single anchor every theory carries, not a missing computation",Identity/Lie [I]/[L] + anchor identification,origin_theory,SEAM.AREACOEFF.01; v36; v67,v68_seeley_dewitt_residual.py,Sakharov 1967; Susskind-Uglum 1994; Chamseddine-Connes spectral action,,Identity/Lie [I]/[L] + anchor identification,true
SEAM.AREACOEFF.01,"Central theorem (1/(8pi) area-law coefficient) - STRUCTURAL CLOSURE + reduction to ONE sharp coefficient (honest partial solution of Alessandro's central target). CLOSED [I]/[L]: by the Fursaev-Solodukhin (1995) conical/replica method, the curvature term W_R=k*Int(sqrt(g)R) gives horizon entropy S=4pi k A (conical defect: Int R ⊃ 4pi(1-n)A; S=-d/dn[W_n-n W_1]|_1). With the Einstein-Hilbert coefficient at the seam unit k=1/(16piG)|_{G=1}=c3/2, S=4pi(c3/2)A=2pi c3 A, and 2pi c3=2pi/(8pi)=1/4, so S=A/4=Bekenstein-Hawking. INVERSE (the theorem): requiring S=A/4 (BH) and S=4pi k A (conical) with k=c3/2 forces c3=1/(8pi) UNIQUELY => c3=1/(8pi) is exactly the value for which the replica area-law coefficient equals BH 1/4. RESIDUAL [A]: the SINGLE statement k=c3/2, i.e. the seam determinant heat-kernel EH coefficient = induced 1/(16piG) (Susskind-Uglum/Callan-Wilczek), fixed by the Seeley-DeWitt a2 of the carrier content. This reduces 'derive 1/(8pi)' to one sharp spectral computation; the structure (replica=>4pi k A=>A/4 at c3=1/(8pi)) is closed",Identity/Lie [I]/[L] (structure) + [A] (residual k=c3/2),origin_theory,SEAM.THEOREM.01; SEAM.AREALAW.01; v36; v59,v67_area_law_coefficient.py,Fursaev-Solodukhin 1995; Susskind-Uglum 1994; Callan-Wilczek 1994,,Identity/Lie [I]/[L] (structure) + [A] (residual k=c3/2),true
ARCH.E8DEG.01,"Organizing simplification: the compiler atoms ARE the E8 fundamental Casimir invariant degrees deg(E8)={2,8,12,14,18,20,24,30} (exponents+1) [L]. CLEAN/non-trivial readings: 2=|Z2|, 8=rank E8, 14=dim G2 (the [K,Q] commutator G2, v37), 20=det L (v10), 24=|W(A3)|=4! (Weyl group A3=S4), 30=h(E8)=2*3*5. Weaker/fittable (flagged): 12=|R(A3)| (A3 roots), 18=p4(a)=2+2^4 (anchor power sum). EXACT sum identities: sum(degrees)=128=2^7 = the de Sitter entropy prefactor (S_dS=e^(2 ainv)/(128 c3^4); 7=scalaron exponent g+n-1) [NEW clean]; sum(exponents)=120=|R+(E8)| (positive roots, v56); prod(degrees)=|W(E8)|=696729600. Since E8 is the audit hull, its invariant degrees being the theory's integers is structurally EXPECTED - confirms the E8 choice, not a coincidence; 6/8 clean, 2/8 fittable (honest)",Lie/lattice [L] + identity [I],tfpt_3,v37; v10; v55; v56; h(E8)=30,v66_e8_casimir_degrees.py,E8 invariant degrees (standard Lie theory),,Lie/lattice [L] + identity [I],true
PRED.LAYER.01,"Prediction/falsification layer with EXPLICIT failure thresholds (Alessandro residual gate #6) [N], data-confrontation Python-only. Each prediction carries an explicit falsification threshold and a layer tag. CORE falsifiers (break [I]/[L]): v_GW=c (FAIL if robust v_GW!=c >5sigma; GW170817 gives |v_GW/c-1|<1e-15), no 4th chiral generation (FAIL on discovery; N_fam=3=rank A3=dim H1), seam denominator=8 (FAIL if c3!=1/(8pi)). OBSERVATIONAL stress tests: beta_rad=0.2424 deg (FAIL if controlled beta excludes 0.2424 at >3sigma; ACT DR6 0.215+-0.074 ok), r~0.004 (FAIL if r>0.01 robustly; CMB-S4/LiteBIRD), n_s~0.965 (FAIL if robustly >0.975; ~2sigma DESI tension now), sin^2 th12=0.30675 (FAIL if future >3sigma; NuFIT 0.307+-0.012 ok). CORE no-go: no traversable shortcut/CTC (FAIL only on macroscopic ANEC violation = RP/unitarity break, v64). CYCLIC [P]: horizon info recovery (FAIL on demonstrable info loss). None currently violated. N_star explicitly demoted to physical reheating input [P], range [50,60], affects only n_s/r, not the core",Numerical/data [N],origin_theory,v62; v64; v3; v8; v60,v65_falsification_layer.py,GW170817; ACT DR6; NuFIT 6.0; Planck-ACT-DESI,,Numerical/data [N],true
CAUSAL.NOGO.01,"Causal Boundary Engineering - CONDITIONAL NO-GO for traversable seam shortcuts/CTCs (proof attempt that turned into a no-go). CORE [I] (machine-checked, v56-bound): a gapped positive transfer operator (spectrum {1,(2/3)^6,(1/3)^6}) has NO periodic orbit (T^n != I for all n>0; subdominant moduli <1 => T^n -> rank-1 projector) = discrete analog of no closed timelike curve. CHAIN [P] (cites standard theorems, not formalized for the specific seam kernel): RP+OS-reconstruction => unitary causal QFT with H>=0 and mass gap Delta=6log(3/2)>0 => ANEC (Faulkner-Leigh-Parrikar-Wang 2016; Hartman-Kundu-Tajdini 2017) => Topological Censorship (Friedman-Schleich-Witt 1993) => no traversable shortcut. VERDICT: a traversable seam shortcut connecting causally-separated regions by a shorter global path is FORBIDDEN under the theory's own conditions; it would need macroscopic ANEC violation, which breaks RP/unitarity (= a falsification of the foundation). Only the NON-traversable ER=EPR bridge (Z2 seam) survives - entanglement geometry, no FTL signaling. Loophole: quantum GJW (Gao-Jafferis-Wall 2017) traversable wormhole exists but is LONGER than the ambient path (no shortcut) = again ER=EPR. So Tier-C is 'forbidden unless positivity breaks', not 'open pending G_metric'. (Python-only; the no-CTC core is numerical)",Identity [I] core + [P] argument,origin_theory,GATE.GMETRIC.XI.01; v56; SEAM.CYCLE.01,v64_causal_boundary_nogo.py,Friedman-Schleich-Witt 1993; Gao-Jafferis-Wall 2017; Faulkner et al. 2016,,Identity [I] core + [P] argument,true
GATE.GMETRIC.XI.01,"Seam-Engineering Index - an exact closed form for the IR-stability margin [I], plus the four-class possibility taxonomy [I]/[A]. Validates+sharpens the boundary-engineering synthesis: the documented G_metric bound ||V_metric||_rel <= 248 c3^2 = 31/(8 pi^2) (248=dim E8, 31=248/8=1+h^v(E8) = the WZW denominator c(E8)=248/31, v61) gives 2||V||=31/(4 pi^2)=0.78524 (NOT pi/4=0.78540, a 4th-digit coincidence). Hence Xi=2||V||/Delta=31/(24 pi^2 log(3/2))~0.3228 has an EXACT closed form bound to E8 data; Delta_eff=Delta-2||V||=6log(3/2)-31/(4pi^2)~1.648>0. Xi<1 = gap-dominance/IR-stability condition. HONEST: Xi is a stability DIAGNOSTIC (theory parameter), NOT a lab control knob. Four-class taxonomy of 'breakthrough' ideas: A allowed&near [N] (birefringence, BH-echo (2/3)^6, v_GW=c, axion), B reconstruction [A] (holographic larger state space, gated on Seam-Horizon area-law), C post-G_metric [A] (topological seam shortcuts, gated on ambient metric measure), D forbidden (local FTL, photon dispersion, v_GW!=c, CTCs, free energy - break core claims). Next theorem: Causal Boundary Engineering (RP+OS+gap => no CTCs; classify boundary gluings; shortcut != FTL)",Identity [I] + taxonomy [A],origin_theory;tfpt_research_contracts,GATE.GMETRIC.*; v36; v54; v61,v63_seam_engineering_index.py,-,,Identity [I] + taxonomy [A],true
DATA.SCORECARD.01,"Confrontation of TFPT predictions with current research data (2024/25) - honest scorecard incl. tensions [N], data-confrontation (Python-only, external data). STRONG MATCHES: alpha^-1=137.0359992 vs CODATA 137.035999177 (~9 sig figs); sin^2 th12=0.30675 vs NuFIT 6.0 (2024) 0.307+-0.012 (0.02 sigma); beta_rad=0.2424 deg vs ACT DR6 (Diego-Palazuelos-Komatsu 2025) 0.215+-0.074 (0.37 sigma). MILD ~2 sigma TENSIONS: sin^2 th13=0.0231 vs NuFIT 0.02195+-0.00058 (1.98 sigma high); R+R^2 Starobinsky n_s=0.960-0.967 consistent with Planck 0.9649 but ~2 sigma below the DESI-combined P-ACT-LB 0.9743+-0.0034 (DESI-driven shift under discussion; CMB-only favors Starobinsky range). OPEN: theta23 octant ([P], NuFIT ambiguous 0.470/0.561). FUTURE FALSIFIER: tensor-to-scalar r~0.004 (Starobinsky), well below bound ~0.03, testable by CMB-S4/LiteBIRD. Honest verdict: impressive matches AND real current ~2 sigma tests - a falsifiable theory, not self-confirming",Numerical/data [N],origin_theory,v3; v16; v21; v8; v60,v62_data_scorecard.py,CODATA 2022; NuFIT 6.0 (2410.05380); ACT DR6 (2509.13654); Planck/ACT-DESI n_s,,Numerical/data [N],true
ARCH.CFT.01,"Boundary-CFT bridge (WZW central charges = compiler atoms) + SU(3)<->SU(4) reconciliation [I]/[L]; NOT a closure. (A) level-1 WZW central charges c=dim(g)/(1+h^v) are the atoms: c(E8)_1=248/31=8=rank E8, c(D5=SO10)_1=45/9=5=g_car, c(A3=SU4)_1=15/5=3=N_fam; coset c=8-5-3=0 = conformal-embedding criterion => (D5)_1x(A3)_1 ⊂ (E8)_1 is a conformal embedding (CFT mirror of the lattice glue (D5(+)A3)+mu4->E8); (5,3) split = central-charge additivity = rank split; the 8 in c3=1/(8pi) = c(E8)_1 (NOT oversold - the content is c_coset=0, per Alessandro's earlier caveat). (B) SU(3)<->SU(4) reconciliation: P^1\\mu4 has n=4 punctures => H_1=Z^(n-1) => N_fam=|mu4|-1=3; carrier side = puncture/center Z4=mu4 (A3=SU4); flavor side = monodromy rho on H_1=Z^3, SU(3)-valued, center Z3=triality, phases {0,1/3,2/3}=parabolic weights (NOT SU(4)_1 weights {0,3/8,1/2}); SU(3) ⊂ SU(4) via 4->3+1. => NOT one WZW for all gates (C falsified), but ONE geometry P^1\\mu4 with two dual sides. CHECKED: Cardy route c=8->S=A/4 is NOT a shortcut (c=8 is matter central charge; area law needs geometric Brown-Henneaux c~ell/G) - restates the open Seam-Horizon coefficient, does not close it",Identity/Lie [I]/[L],origin_theory,BND.GLUE.01; v6; v15; v19; SEAM.THEOREM.01,v61_cft_bridge.py,WZW/conformal embedding standard CFT; Strominger 1997,,Identity/Lie [I]/[L],true
LAMBDA.BRANCH.01,"Lambda-metrology branch selection => G_N as horizon-metrology OUTPUT, the 123-orders double overlap, and the ACT DR6 birefringence comparison. (1) The form rho_Lambda/Mbar^4=(3/(4pi^2))e^(-2 alpha^-1) is in Paper 1; NEW: with delta_top=48 c3^4=3/(256 pi^4) the physical branch prefactor is (8pi)^2 delta_top=3/(4pi^2) [I], and the alternative branch 2c3 e^(-2a) is mis-scaled by 2c3/delta_top=1/(24 c3^3)=64 pi^3/3=661.467 - so selecting the physical branch PINS Mbar (hence G_N): Newton constant is an output, not a free input [I]+[P consequence]. (2) 123-orders split [I]/[N]: |log10(rho_Lambda/M_Pl^4)|=122.948=119.028(=2 alpha^-1/ln10, EM fixed point)+3.920(=log10(256 pi^4/3), seam-defect prefactor in M_Pl units) - double overlap of one boundary compiler, not fine-tuning. (3) ACT DR6 birefringence [N]: TFPT beta_rad=phi0/(4pi)=0.2424 deg (same seed as Cabibbo); ACT DR6 (Diego-Palazuelos & Komatsu 2025, arXiv:2509.13654, PRD 113 L101302) beta=0.215+-0.074 deg (2.9 sigma) => TFPT ~0.37 sigma from central value (consistent, falsifiable). Plus action exponents (1,5,10)=K5 graph counts (5 vertices, 10 edges)=Pascal 16=1+5+10",Identity [I] + observational [N] + [P] consequence,origin_theory;tfpt_1,EM.FP.01; v3; v8; v55,v60_lambda_metrology_branch.py,ACT DR6 Diego-Palazuelos-Komatsu 2025 arXiv:2509.13654,,Identity [I] + observational [N] + [P] consequence,true
SEAM.AREALAW.01,"Area-law evidence for the open Seam-Horizon step (necessary condition met, NOT a closure): (1) NUMERICAL [Python-only] - the simplest reflection-positive Gaussian system (harmonic chain) has ground-state block entanglement entropy that SATURATES to a constant when gapped (area law: 1D boundary=O(1) points) and grows ~(c/3)log L when gapless (CFT c-coefficient, c~1); demonstrated S(8)=S(16)=S(32)=0.271 gapped vs 2.197<2.409<2.602 gapless (Srednicki 1993, Bombelli-Sorkin). So an RP Calderon-type kernel GENERICALLY yields an area law - the form S=A/(4G_Sigma) needs. (2) GAP TIE: the physical sector is gapped by the SAME gap Delta=6log(3/2)>0 that makes the attractor unique (v56) => gapped => area law; one gap gives BOTH attractor and area-law structure. (3) EXACT [I]: 8=|Z2|*|mu4| (sheet x glue), c3=1/(|Z2||mu4|pi); 2pi=1/(4c3) (chaos bound/seam unit); scrambling beta/2pi=|mu4|M. HONEST: fixes the area-law FORM; the c3=1/(8pi) COEFFICIENT still needs the specific seam kernel (open [A]). Cascade D=60-2n monotone c-function-like, 60=2h(E8) [P/analogy]",Numerical + Identity [I] (necessary condition),origin_theory,SEAM.THEOREM.01; v56; v58,v59_area_law_evidence.py,Srednicki 1993; Bombelli-Sorkin 1986,,Numerical + Identity [I] (necessary condition),true
SEAM.THEOREM.01,"Seam-Horizon chain (precise framing) + the OPEN Seam-Horizon Theorem. PRECISE: the seam is NOT identical to an event horizon - it is the abstract boundary normaliser whose LOCAL gravitational realisation is a horizon (black hole = local instance of seam grammar; de Sitter = global). EXACT arithmetic [I]: (geom origin) one-sided S^2 Gauss-Bonnet oint K dA=2pi chi(S^2)=4pi, Z2/Mobius => c3=1/(|Z2|*4pi)=1/(2*4pi)=1/(8pi), so 8pi=|Z2|*2pi chi(S^2) (the seam '8' is one-sided S^2 curvature, matching lattice rank E8 and gravitational 8pi); KMS T=kappa/(2pi)=4c3 kappa; Schwarzschild T_H=c3/M, S_BH=A/4=M^2/(2c3) (1/(2c3)=4pi); de Sitter T_dS=4c3 H; RT 1/(4G)=2pi Mbar^2=Mbar^2/(4c3) (1/(4c3)=2pi). OPEN [A] Seam-Horizon Theorem (next hard target): given a reflection-positive Calderon seam kernel on the doubled collar, replica variation of the seam determinant should give area entropy S=A/(4 G_Sigma); then Jacobson closes Einstein 8pi G. Chain Mobius=>Z2[L]=>c3=1/8pi[I]=>KMS[I]=>[A: area-law from seam determinant]=>Einstein[P]. Three theses: weak [I] (c3 horizon factor) proven, medium [P] (BH=local seam thermality) plausible, strong [A] (seam=holographic horizon) open - needs ONE analytic area-law, not more numerics",Identity [I] + open theorem [A],origin_theory,SEAM.HORIZON.01; SEAM.CROSSLINK.01; v8; v57,v58_seam_horizon_chain.py,Jacobson 1995; Ryu-Takayanagi 2006,,Identity [I] + open theorem [A],true
SEAM.CROSSLINK.01,"Horizon cross-links - published black-hole results meeting compiler atoms (exact arithmetic [I]; physical seam=horizon identification is [P]): (1) JACOBSON/EINSTEIN: c3=1/(8pi) is exactly the Einstein-eq coefficient G_uv=8pi T_uv and EH action 1/(16piG)=c3/(2G); Jacobson 1995 derives Einstein eq from dQ=T dS on local Rindler horizons with entropy density 1/(4G), entropy coeff 1/4=1/|mu4| => if seam=horizon, gravity is its thermodynamics and c3 the conversion constant. (2) HOD QNM: Schwarzschild asymptotic quasinormal omega_R->T_H ln(3) (Hod 1998, Motl 2003), imaginary spacing 2pi T_H => omega_R/T_H=ln(3)=ln(N_fam); ladder spacing=seam unit 1/(2pi)=4c3. HONEST: the 3 is spin-dependent => [P] cross-link not forced. (3) Hawking power P_H=c3/(1920 M^2), 1920=|W(D5)|=2^4*5! (carrier Weyl group). (4) one alpha^-1: H0/Mbar~e^(-ainv)/(2pi) keys off the SAME EM fixed point as S_dS, Lambda. (5) S_BH=A/(4G)=A/(|mu4| l_P^2): one boundary cell per |mu4|=4 Planck areas. Supports the seam=horizon picture; not a closure",Identity [I] + [P] cross-links,origin_theory;tfpt_horizon_readouts,SEAM.HORIZON.01; v8; v3; v55,v57_horizon_crosslinks.py,Jacobson 1995; Hod 1998; Motl 2003,,Identity [I] + [P] cross-links,true
SEAM.ATTRACTOR.01,"Unique attractor: a gapped boundary transport selects ONE fixed point [I]/[L]. The boundary transport spectrum {1,(2/3)^6,(1/3)^6} has spectral gap Delta=-log(2/3)^6=6 log(3/2)=2.4328>0. By Perron-Frobenius a primitive gapped operator has a UNIQUE dominant eigenvector and iteration converges to it geometrically at rate lambda2/lambda1=(2/3)^6, independent of initial state (demonstrated: two different starts -> same fixed direction, cos=1). This is the dynamical-systems content of 'parameter-free via fixed point' - the realized state is an ATTRACTOR, not a tuning; the convergence rate is the SAME (2/3)^6 of flavor+horizon (v54). Coxeter rotation lives in |mu4|=4 invariant planes (exponents pair m+(30-m)=30); sum exps=120=|R+(E8)|; #roots=rank*h=240. Entropy reset = the gap: T^n/lambda1^n -> rank-1 projector (only boundary law survives). Cyclic-cosmology reading is [P], not included",Identity/Lie [I]/[L],origin_theory;tfpt_3,SEAM.HORIZON.01; SEAM.CYCLE.01; v54; v55,v56_unique_attractor.py,-,,Identity/Lie [I]/[L],true
SEAM.CYCLE.01,"A cyclic element INSIDE the compiler hull (computed, not asserted): built from the E8 Cartan matrix, the Coxeter element c=s1...s8 has order EXACTLY h(E8)=30=|Z2|*N_fam*g_car=2*3*5 (verified by matrix powers, v55), and its eigenvalues are primitive 30th roots exp(2pi i m/30) with m the E8 exponents {1,7,11,13,17,19,23,29} = EXACTLY the phi(30)=8 totatives of 30. Hence rank E8=8=phi(30)=#exponents=#live phases of the order-30 cycle => the 8 in c3=1/(8pi) is the live-phase count of a primitive order-30 cyclic rotation of the hull, period 30=|Z2|*N_fam*g_car. PLUS one-alpha cross-sector: S_dS*rho_Lambda=1/(128 c3^4)=32 pi^4 (de Sitter Gibbons-Hawking entropy ~ 1/Lambda), so the SAME EM fixed point alpha^-1=137.036 sets the cosmic horizon entropy and Lambda smallness ~10^-122=e^(-2 alpha^-1). FURTHER: S_dS=2^g_car*pi^|mu4|*e^(2 alpha^-1) - the entropy prefactor 32 pi^4 = (Dirac spinor dim of D5=SO(10): S+ + S- =16+16=2^g_car) x pi^|mu4|, with 128=2^7 (7=scalaron exponent g+n-1): cosmic horizon entropy = carrier Clifford dim x pi^glue x EM fixed point. [I]/[L]; cyclic-cosmology reading is [P], not included",Identity/Lie [I]/[L],tfpt_3;origin_theory,v6; v8; v3; h(E8)=30,v55_coxeter_cycle.py,-,,Identity/Lie [I]/[L],true
SEAM.HORIZON.01,"Seam=horizon [I] keystones (pure identities, NO cosmological narrative): (1) the integer 8 in c3=1/(8pi) is OVERDETERMINED and gravitationally aligned: geometry 8=2|mu4| (8pi=|mu4|*2pi seam winding), lattice 8=rank E8=g+n=h(D5)=phi(30)=det R, gravity 8pi=Hawking/Einstein coeff (G_uv=8pi T_uv) => if seam=horizon, c3 is gravitationally forced and the gravitational 8 MUST equal the lattice/geometry 8 (it does). Both pi-coeffs are 2pi*integer: phi_tree=1/(6pi),6=2 N_fam (Gauss-Bonnet); c3=1/(8pi),8=2|mu4|; phi_tree=(|mu4|/N_fam)c3=(4/3)c3. (2) ONE transfer operator for BOTH sectors: boundary transport spec {1,(2/3)^6,(1/3)^6}; lambda2=(2/3)^6 = SM flavor gap eigenvalue (Delta=-log(2/3)^6=6 log 3/2=2.4328, tfpt_2) = horizon Page recovery rate (I_n~lambda2^n, Appendix H). Cusp weights {0,1/3,2/3} at 4 mu4-punctures = boundary data. Supporting: S_BH=A/|mu4|, 128 c3^4=1/(32 pi^4), T_dS coeff 16=|mu4|^2. The cyclic self-reproduction reading is [P] interpretation NOT included here",Identity [I],tfpt_3;tfpt_horizon_readouts,BND.GLUE.01; v6; v8; v10; tfpt_2 transport spec,v54_seam_horizon_keystones.py,-,,Identity [I],true
ARCH.CORE.01,"Compiler core - the whole integer skeleton from one pair (g_car,N_fam)=(5,3): rank E8=g+n=8 (D5(+)A3 rank split), |Z2|=g-n=2 (carrier-family), |mu4|=(g+n)/2=4; (N_fam,|mu4|,g_car)=(3,4,5) is THE Pythagorean triple. NOT decorative: grand-mass-volume exponent Delta_Y=g_car^2=25 (det M_SM~phi0^25) splits as a DIFFERENCE OF SQUARES Delta_Y=g^2=N_fam^2 + (g-n)(g+n)=N_fam^2+|Z2|*rank(E8)=9+16=dim S+, i.e. down sector=N_fam^2, up+lepton=|Z2|*rank E8=dim S+ (K-row sums (6,9,10)). ANCHOR is the Dirac square root: a=(1,1,2) is the UNIQUE 3-multiset (0..6) with elem-symm (|mu4|,g_car,|Z2|)=(4,5,2); char poly chi_a(t)=(t-1)^2(t-2)=t^3-|mu4|t^2+g_car t-|Z2| => compiler atoms ARE its char-poly coefficients. Only transcendental is pi (c3=1/(8pi), 8=rank E8; seed 1/(6pi), 6=|R+A3|). New READINGS/syntheses of v23/v37/v46/v47 atoms [I]",Identity [I],tfpt_1,FLAV.MASSVOL.01; v23; v47; BND.GLUE.01,v53_compiler_core.py,-,,Identity [I],true
FLAV.RIGID.02,"SIMPLE R-bridge closure (the much-simpler solution, no transcendental machinery): the selector stratum S_{8,Q}={det R=8, SNF(R)=(1,1,8), Spec(Q+)={1,2,3}} is now FULLY DERIVED - det R=8=rank E8 and SNF from the lattice (cf det Q=3=N_fam, v70), Spec(Q+)={1,2,3} from D4-equivariant geometry (v69). The four flavor operators are integer lattice maps with compiler-atom determinants (det Q,det K,det R,det L)=(3,4,8,20), product 1920=|W(D5)|. By Readout Rigidity (v49) the quark RATIOS are constant on this derived stratum => c_u/c_d=g_car*11/(Nfam^2*13)=55/117 etc are PURE INTEGER PLUCKER READOUTS, no monodromy solve. The earlier monodromy machinery (v19-v49) was over-engineering for the ratios; the only transcendental piece U_point (full uniqueness of rho*) is the ABSOLUTE amplitude normalisation = an anchor (same nature as the one dimensionful scale), not a missing computation. 13=DeltaQ reads 8+5=rank E8+g_car=N_fam^2+|mu4| (the one not-uniquely-atomic number, flagged) [I]+[A]",Identity [I] (ratios) + [A] (U_point=anchor),tfpt_research_contracts;tfpt_2,FLAV.RIGID.01; v49; v69; v70,v71_simple_r_bridge.py,-,FLAV.QRATIO.01;FLAV.UGATE.01,Identity [I] (ratios) + [A] (U_point=anchor),true
FLAV.QGEO.03,"det Q = N_fam DERIVED from the cusp class (Alessandro Q-residual closed to the same geometry): the integer-lift datum det Q=|coker Q|=3 is the ORDER of the cusp monodromy class (eigenvalues {1,omega,omega^2}, omega^3=1) = the common DENOMINATOR of the cusp weights {0,1/3,2/3} that fix Spec(Q_+)=diag(1,2,3) (v69). So det Q=N_fam is NOT an independent lattice input - it is the cusp-class order = N_fam = rank A3 = dim H1, and coker Q = Z/N_fam is the deck group of the degree-N_fam triality cover. Q-geometry now derived at spectra + Sigma-split + integer lift; only standing input is N_fam=3 itself",Identity [I] chain + [L] non-abelian Hodge,tfpt_2,FLAV.QGEO.02; v69; v70,v72_q_det_from_cusp.py,-,GATE.QGEO.01,Identity [I] chain + [L] non-abelian Hodge,true
SEAM.KHALF.01,"k=c3/2 FORCED - the central seam-area coefficient (Alessandro central target met at the dimensionless level): k=c3/2=(1/2)x(1/(|Z2|*2pi*chi(S2))) splits into TWO cutoff-independent pieces, neither a free normalisation. (a) factor 1/2 = universal action<->EOM variational factor (16piG action vs 8piG field eq, forced by delta(sqrt(g)R)->G_uv). (b) c3=1/(|Z2|*2pi*chi(S2))=1/(2*4pi)=1/(8pi) = one-sided Gauss-Bonnet of the seam S2 normal slice (chi(S2)=2 => intK=4pi, TOPOLOGICAL). With k=c3/2, Fursaev-Solodukhin S=4pi k A=2pi c3 A=A/4 exactly. So the central theorem coefficient is internally forced by topology x variation; ONLY the absolute 4D Newton scale (Lambda^2*f2 prefactor of carrier-Dirac a2, v68) stays UV-sensitive = the one irreducible dimensionful anchor",Identity [I] + Lattice/topology [L] (coefficient) + [A] (absolute scale only),origin_theory;tfpt_4,v67; v68; AX.P1.01; SEAM.HORIZON.01,v73_k_c3_half.py,-,,Identity [I]/[L] (coefficient forced) + [A] (absolute scale),true
ARCH.MICRO.01,"Compiler micro-lemmas (review synthesis, all exact identities compressing scattered factors): (1) SPINE QUOTIENT LADDER - the recurring O(1) factors 2/3,3/4,4/5,5/4,4/3 are adjacent quotients of the spine (|Z2|,N_fam,|mu4|,g_car)=(2,3,4,5); feed lambda2=(2/3)^6 (gap=Page rate=Koide target 2/3), eps=3/4 phi0=q(A3)phi0 (solar), phi0 lead (4/3)c3=1/(6pi), q(D5)+q(A3)=5/4+3/4=2. (2) PENCIL DIFFERENCES - P(x)=det(K+xQ)=3x^3+7x^2+6x+4, endpoints (2,4,20,68), consecutive differences (2,16,48)=(|Z2|,dim S+,Omega_adm)=sheet->1gen->3gens. (3) ANCHOR QUADRATIC FORM - 1^TK1=25=g_car^2 (mass volume), a^TKa=41=10b1 (EM budget), a^TKa-1^TK1=16=dim S+ => EM budget = mass volume + one generation. (4) SOLAR DUAL ANCHOR - L=R+6*1*e1^T rank-one winding, a^T R^-1.1=0 => Sherman-Morrison => a^T L^-1=a^T R^-1=(-1/2,-1/2,1): winding invisible to dual anchor, TBM vector stable (mechanism for eps=q(A3)phi0). NOTE fixed doc typo L=R+6 e1 a^T -> L=R+6*1*e1^T",Identity [I],tfpt_1;tfpt_2,ANCHOR.GEN.01; FLAV.KQ.01; FLAV.PENCIL.01; FLAV.SOLAR.01; BND.GLUE.01,v74_compiler_micro_lemmas.py,-,,Identity [I],true
FLAV.UPOINT.01,"Gate 1 COMPLETE - U_point reduces to v_geo (the absolute flavor amplitude is not an independent gate): quark ratios closed (Plucker, v49/v71) + lepton c exact (16/7,4/3,7/6, v20) + each sector c-product a clean phi0-power (Grand Mass Volume v46: det M ~ phi0^{6,9,10}; lepton product 16/7*4/3*7/6=32/9=2^gcar/Nfam^2). Since (pairwise ratios)+(product)<=>(individuals) is a bijection, the 9 charged-fermion amplitudes are fixed up to ONE overall scale v_geo. So U_point = v_geo = the SAME one irreducible dimensionful anchor as gravity's 1/G (v68): the two [A] anchors collapse to one. Only v_geo (one scale) + pi remain irreducible",Identity [I] (reduction) + [A] (the one scale v_geo),tfpt_research_contracts;origin_theory;tfpt_2,FLAV.RIGID.02; FLAV.LEPTONC.01; FLAV.MASSVOL.01; v68,v75_upoint_to_vgeo.py,-,,"Identity [I] + [A] (v_geo, shared with 1/G)",true
GATE.METRIC.02,"Gate 2 attack - two clean tiers (was: diffuse 'full QG missing'). TIER A (physics, CLOSED under RP+gap): Decoupling Theorem - Delta_eff=Delta-2||V||=6log(3/2)-31/(4pi^2)=1.648>0 with ||V_metric||_rel<=248 c3^2=dim(E8) c3^2=31/(8pi^2) (31=2^gcar-1); strictly positive effective gap protects the admissible IR sector => every testable low-energy readout (masses, mixings, alpha^-1, R+R^2) is independent of G6. TIER B (strict TOE, REDUCED not closed): the seam is a FINITE causal boundary => the ambient BULK metric measure is reconstructed from a finite-codimension seam-Calderon BOUNDARY measure (holographic) => G6 is a BOUNDARY projective limit; conditional theorem RP(seam-Calderon)+tightness => G_metric closes. Residual = boundary projective limit (constructive-QFT grade), reduced not closed","Identity [I] (decoupling, cond. on norm bound) + [P]/[A] (boundary G6)",tfpt_research_contracts;origin_theory,CONTRACT.G.01; QG.GAPDEC.01; GATE.METRIC.01,v76_gmetric_reduction.py,-,,Identity [I] (Tier A) + [P]/[A] (Tier B boundary measure),true
GATE.METRIC.03,"G6 route - the seam BOUNDARY measure IS a rigorously constructed conformal net (imports G6 into existing rigor): level-1 central charges c=k dim/(k+h^v) give c(E8)_1=248/31=8=rank E8 (holomorphic c=8 E8-LATTICE VOA, single primary, Frenkel-Kac-Segal / Kawahigashi-Longo / Carpi), c(D5)_1=45/9=5, c(A3)_1=15/5=3; conformal embedding (D5)_1 x (A3)_1 ⊂ (E8)_1 since 5+3=8 => coset c=0. The gap Delta_eff>0 (v76) => exponential clustering => tightness of the boundary projective limit. So G_metric Tier B reduces to identifying the seam-Calderon boundary measure with the (E8)_1 lattice net; residual = the identification + bulk reconstruction","Identity [I] (central charges, embedding) + [P] (net identification)",tfpt_research_contracts;origin_theory,GATE.METRIC.02; FLAV.CFT (v61); v76,v77_e8_conformal_net.py,-,,Identity [I] + [P] (boundary net identification),true
ANCHOR.VGEO.01,"v_geo = the dimensional-analysis FLOOR (honest reframe, not a gap): no pure number can be dimensionful => v_geo irreducible by LOGIC (every theory carries >=1 dimensionful input). ALL TFPT scales are dimensionless ratios times ONE M_bar: rho_Lambda/M_bar^4=(3/4pi^2)e^{-2 ainv} (v60), M_scal/M_bar=c3^{7/2} (v7), masses = (pi/sqrt2)c_f phi0^{k_f} v_geo. Cosmological pinning S_dS*rho_Lambda=1/(128 c3^4)=32 pi^4 (v55) => one measurement sets the unit. The flavor U_point reduces to the SAME v_geo (v75) => one scale shared by flavor+gravity. Theory at the minimum: one scale v_geo + one primitive pi","Identity [I] (ratios) + [A] (the one scale, by dimensional analysis)",origin_theory;introduction;tfpt_4,FLAV.UPOINT.01; v60; v55; v68,v78_vgeo_floor.py,-,,"Identity [I] + [A] (one scale, irreducible by logic)",true
FORM.CAR.01,"Theorem A (carrier rank uniqueness g_car=5) machine-formalised in Lean 4: the Pascal carrier condition 2^(g-1)=C(g,0)+C(g,1)+C(g,2), division-free 2^g=g^2+g+2, has the UNIQUE solution g=5 (theorem carrier_rank_pascal_unique: forall g, 2^g=g^2+g+2 <-> g=5; growth lemma pascal_growth for g>=6; g_car_unique ExistsUnique; carrier_closure_integers N_fam=(2^4-1)/5=3, g+N_fam=8=rank E8). AUDIT: PASS (no sorry/admit, no domain axioms, only propext/Classical.choice/Quot.sound). Complements FORM.P2.02 (P2 carrier algebra)",Formal,tfpt_1;tfpt_3,AX.P2.01; CAR.UNIQ.01; v6; v14,lean4-carrier-rigidity,-,,Formal [F],true
ARCH.REVIEW.01,"Four validated review identities (passed arithmetic AND the anti-numerology/admissible-invariant discipline) + one disciplined rejection: (1) HYPERCHARGE LUCAS-BINET: carrier charges (q+,q-)=(3,-2) [X^2-X-6=(X-3)(X+2), Lean unique_carrier_pair] generate D_n=(3^n-(-2)^n)/5=1,1,7,13,55,133 = (N_Phi, -, scalaron exp 7, Delta_Q 13, quark numerator 55, dim E7 133) in order; c_u/c_d=D_5/(N_fam^2 D_4)=55/117 (cleaner than Plucker 11). (2) INVERSE ANCHOR THEOREM: 1^T M^-1 1 = 1/atom (Q->1/3=1/N_fam, R=K->1/4=1/|mu4|, L->1/10=1/A_Lambda); anchor self-dual a^T R^-1 a=a^T K^-1 a=a^T L^-1 a=1 (a^T Q^-1 a=7/3, so self-duality is exactly residue/mass/transport, not the pure difference Q). (3) MACWILLIAMS: C^+=even-weight code [5,4,2], dual=repetition [5,1,5], weight enum (1,10,5)=Lambda^even(5) (makes the existing Hamming-scheme duality the named MacWilliams/UV-IR transform). (4) 6Y^2-Y-1=(2Y-1)(3Y+1)=(sY-1)(bY+1), roots 1/2 (SU2) and -1/3 (SU3). FIREWALL (recorded): m_p/m_e=1920-84+3lamC^2 (SU(9)=A_8 not in carrier; m_p is QCD confinement, no mechanism) and eta_B=(2/13)c3^6 (model-dependent leptogenesis output) are arithmetically close but REJECTED -> stay [A]/[P] frontier, NOT promoted to [I]",Identity/Lattice [I]/[L],tfpt_1;tfpt_2;tfpt_4,CAR.UNIQ.01; FLAV.KQ.01; FLAV.SOLAR.01; v44; FR.MPME.01; FR.ETAB.01,v79_review_identities.py,PDG (m_p/m_e firewall),,Identity/Lattice [I]/[L] (4 accepted; m_p/m_e + eta_B firewalled),true
FLAV.PENCIL.02,"Operator-pencil geometry of (K,Q,R,L) - the anchor plane as a small area in operator space (validated review block; all in admissible classes). STRONG: [2] ANCHOR SINGULARITY THEOREM det B(K+xQ)=9x^2+21x+10=(N_fam x+|Z2|)(N_fam x+g_car)=(3x+2)(3x+5), oriented anchor area degenerates at x=-|Z2|/N_fam=-2/3 (Koide target/gap base (2/3)^6) and x=-g_car/N_fam=-5/3 (D5/A3 glue asymmetry) => 2/3 is the FIRST SINGULAR POINT of the mass<->transport anchor plane, not just a recurring fraction [I/L]; [4] buildup chain (3,7,6,4) partial sums (3,10,16,20)=(N_fam,A_Lambda,dim S+,det L), scalaron 7=A_Lambda-N_fam [I]; [6] type checker det B_Q=9=N_fam^2, det B_K=10=A_Lambda, det B_R=16=dim S+, det B_L=40=|R(D5)| [I/L]. AUDIT (exact values [I], reading decorative [P]): [3] differential spectrum D,D',D'' at -1,0,1,2 = (2,4,20,68),(1,6,29,70),(-4,14,32,50) (29=top E8 exp, 32=2^gcar, 50=A4xA4 block); [5] F4xG2 shadow det B_{R+Q}=52=dim F4, chi_[K,Q]=t^3+5t+14 (14=dim G2), |Pl_R(K)|_1=26, 248=52+14+26*7 = real E8->F4xG2 branching (52,1)+(1,14)+(26,7) - an operator shadow, not a Lie-theoretic embedding proof",Identity/Lattice [I]/[L] + audit [P],tfpt_2,FLAV.PENCIL.01; FLAV.KQ.01; v37; v52; v74,v80_operator_pencil_geometry.py,-,,"Identity/Lattice [I]/[L] (anchor singularity, type checker) + [P] (atlas/F4xG2 shadow audit)",true
FLAV.PENCIL.03,"The mass-transport pencil P(x)=K+xQ as a projective line with two anchor-block singularities, and the DOUBLE COVER branched over them (validated review block; all in admissible classes). CENTRAL [I/L]: det B(K+xQ)=(3x+2)(3x+5) is quadratic => y^2=det B(K+xQ) is a 2:1 cover ramified exactly over its zeros, so the Koide/gap point x=-|Z2|/N_fam=-2/3 and the carrier point x=-g_car/N_fam=-5/3 are THE TWO BRANCH POINTS of one double cover; deck involution y->-y of degree 2=|Z2|=the sheet (line-bundle reflection of the Spin(10)->SO(10) half-spinor cover the carrier lives on). Branch locus = -(spine ends 2,5)/N_fam; discriminant = 81 = N_fam^4 (perfect square => rational/split, sqrt=9=N_fam^2=det B_Q); separation = 1 = one transport period (deck-translation x->x+1 maps carrier->Koide). So 2/3 is not a recurring quotient but ONE ramification point of the mass<->transport double cover; sharper open question: why does the leptonic source-to-pole transfer renormalise onto a branch point and which sheet (y->+-) does parity select. DEEPER: the branch divisor symmetric functions ARE the core atoms - sum of branch points = -scalaron/N_fam = -7/3, product = A_Lambda/N_fam^2 = 10/9, integer labels {|Z2|,g_car}={2,5} have sum=7=scalaron, product=10=A_Lambda, diff=3=N_fam, so the scalaron is the TRACE of the branch divisor and all earlier scalaron readouts collapse to this one geometric origin; the fiber y^2=det B is A_Lambda at K and 4A_Lambda at L (transport K->L multiplies the fiber by |Z2|), and the Z2 sheet endpoint x=-1 lies between the branch points where y^2=-|Z2|<0 (the sheet lives on the imaginary cut joining Koide and carrier); the clean cover is a property of the anchor 2-plane <1,a> (the full-3-space cubic det(K+xQ) has disc -1132 with an irrational real root), so the anchor projection regularises the geometry (anchor-first). CLEARING MATRICES [I/L]: Koide C_{2/3}=3K-2Q reproduces D5+A3 glue (tr=15=dim A3, sum=45=dim D5, det=60=D_start), rank-one (forced) anchor block B(C23)=(g_car,7)^T(N_fam^2,11)=(5,7)^T(9,11), sum=240=|R(E8)|; carrier C_{5/3}=3K-5Q charge-neutral (sum=0), chi=(lam+|Z2|)(lam^2+lam+|R+A3|)=(lam+2)(lam^2+lam+6). Scalaron 7 = mixed anchor discriminant/N_fam = (det B_L - det B_K - det B_Q)/N_fam = (40-10-9)/3 (B_L=B_K+B_Q linearity; 7 is an interference area, not a leftover) [I]. c_u/c_d=55/117 diagnostic readout at sheet endpoint K-Q (Plucker v37 canonical) [I]",Identity/Lattice [I]/[L] + audit [P],tfpt_2,FLAV.PENCIL.01; FLAV.PENCIL.02; v37; v52; v74; v80,v81_singular_pencil_matrices.py,-,,"Identity/Lattice [I]/[L] (double cover / branch locus, clearing matrices, mixed-disc scalaron) + [P] (per-entry atlas reading of clearing matrices)",true
FR.KOIDE.04,"Koide RG attractor is FORCED, not postulated [I] + ONE [P] identification (sharpens FR.KOIDE.01/02/03 via the v81 double cover): a branch-divisor-preserving Moebius map of the pencil line that fixes BOTH branch points q=2 (Koide) and q=5 (carrier) is, in the cross-ratio coordinate rho=(q-2)/(5-q), EXACTLY rho->mu*rho, hence UNIQUE once mu is fixed [I]. The multiplier is NOT a new input: mu=(2/3)^6 is the subleading eigenvalue lambda2 of the THEORY'S OWN unique gapped boundary transfer operator (v54/v56, spectrum {1,(2/3)^6,(1/3)^6}, gap 6 log(3/2)>0), and the Koide branch x=-2/3=-|Z2|/N_fam IS its cusp weight 2/3={0,1,|Z2|}/N_fam; carrier q=5 -> Koide q=2 under the deck period q->q-N_fam (shared cusp class 2/3). With mu=(2/3)^6 the unique map is the integer Moebius map F(q)=2(569q-3325)/(665q-3517), F(2)=2, F(5)=5, F'(2)=(2/3)^6<1 (Koide is the ATTRACTOR), F'(5)=(3/2)^6>1 (carrier the REPELLER), so q_n->2 i.e. x->-2/3 at the SAME rate that governs SM flavor and horizon recovery. NET: the three 'structural postulates' for a Koide derivation collapse to ONE physical identification - source->pole transfer = branch-preserving relaxation of the established transfer operator; rate, uniqueness and direction then follow. NOT a closure: the single identification stays [P]",Physical (conjecture sharpened) + Identity [I],tfpt_4,FR.KOIDE.01; FR.KOIDE.03; FLAV.PENCIL.03; v54; v56; v81,v82_koide_attractor_splitting.py,PDG lepton masses,,"Identity [I] (map uniqueness + multiplier = the established transfer gap) + Physical [P] (the one source->pole identification; no closure)",true
FLAV.PENCIL.04,"Anchor-placement splitting trichotomy - the clean rational double cover is NON-GENERIC (anchor-first hardening) [I] + [P] (sector id). The splitting-type exponents (2,1,1) (= the anchor (1,1,2); v32 splitting O(-2)+O(-1)^2) placed across the three family slots give three DIFFERENT covers: (1,1,2) heavy-in-fam3 (lepton) det B(K+xQ)=(3x+2)(3x+5) disc=81=N_fam^4 -> SPLIT (individually rational branch labels {2,5}); (2,1,1) heavy-in-fam1 det B=(x+2)(9x+11) disc=49=scalaron^2 -> SPLIT; (1,2,1) heavy-in-fam2 det B=5x^2+10x+3 disc=40=|R(D5)|=det B(L) -> NON-SPLIT (Galois-conjugate IRRATIONAL branch points -1 +/- sqrt(10)/5, centered EXACTLY on the sheet x=-1 (q=3), separation 2 sqrt(A_Lambda)). The three discriminants are themselves compiler atoms (N_fam^4, scalaron^2, |R(D5)|). Negative control (cf. v81): the R-pencil disc=153 is not a square either => Koide & carrier as SEPARATE RATIONAL singularities is a special feature of the canonical anchor placement, not generic. Restates the basis-invariant core T=3 B(Q)^-1 B(K)=[[5,11/3],[0,2]] (Spec{2,5}, tr=7=scalaron, det=10=A_Lambda). The physical fermion-sector identification of the placements is NOT claimed and stays [P]",Identity [I] + Physical [P] (sector id),tfpt_2,FLAV.PENCIL.02; FLAV.PENCIL.03; v32; v80; v81,v82_koide_attractor_splitting.py,-,,"Identity [I] (discriminant trichotomy, non-genericity, negative control) + [P] (physical sector identification of the placements)",true
REDTEAM.A.01,"Red Team / Stress Test Target A - adversarial attack on the (E8)_1 boundary-net identification (GATE.METRIC.03). CONFIRMS the conservative wording: central charge is NECESSARY not sufficient - (D8)_1=SO(16)_1 also has c=120/15=8 but is non-holomorphic (4 primaries 1,v,s,c), and the c=8 Narain family is positive-dimensional; (E8)_1 is the UNIQUE holomorphic c=8 net (even unimodular rank-8 lattice = E8), so HOLOMORPHY (mu-index 1) is the load-bearing extra assumption. The conformal embedding c_coset=c(E8)-c(D5)-c(A3)=8-5-3=0 is compatibility, NOT the physical subnet identification; Delta_eff>0 SUPPORTS tightness (clustering) but does not prove it; the constructive seam-Calderon->(E8)_1 map and bulk-reconstruction uniqueness are missing. VERDICT: keep 'reduced to a rigorous boundary-net identification problem', do NOT write 'metric sector closed'","Red-team [P] (reduced, not closed)",tfpt_5_redteam,GATE.METRIC.03; v77; v76; v61,redteam/rt_A_e8net.py,-,,"Red-team verdict: reduced, not closed [P]",true
REDTEAM.B.01,"Red Team Target B - attack on the UPSTREAM physical premise of Theorem A (the Lean arithmetic 2^g=g^2+g+2 <=> g=5 is NOT attacked; it is verified [F]). Finding: the carrier rank is selected by the Pascal RULE, not the arithmetic. Perturbing the constant 2^g=g^2+g+c gives {5} only at c=2; the truncation degree K in 2^(g-1)=sum_{k<=K} C(g,k) sets g=2K+1 (K=0->1, 1->3, 2->5, 3->7), so choosing K=2 is the physical input. Over-determined (D5 half-spinor dim S+=2^(g-1)=16 <=> g=5; family closure N_fam=(2^(g-1)-1)/g, g+N_fam=8 also pick 5) but each is itself a postulate. VERDICT: the arithmetic core stands [F]; the Pascal SELECTION must be typed [A]/[P], not [I]","Red-team [F]+[A] (survives, narrowed)",tfpt_5_redteam,FORM.CAR.01; CAR.UNIQ.01; v2; v14,redteam/rt_B_pascal.py,-,,"Red-team verdict: survives; Pascal selection now typed [A]/[P]",true
REDTEAM.C.01,"Red Team Target C - dimensional firewall on k=c3/2. The reduced coefficient k_red=c3/2=1/(16pi) is dimensionless; the only legal chain is k_phys=k_red/G, S=4pi k_phys A_phys=A_phys/(4G). The forbidden form k_phys=c3/2 is dimensionally false (legal only at G=1 / Planck units). Firewall scan of v67/v68/v73: 28 'c3/2' mentions, ZERO naked dimensionful identities, each file establishes the reduced/seam-unit/G=1 context; the firewall's teeth are verified against a synthetic violation. VERDICT: safe as worded (reduced coefficient); the absolute 1/G (UV-sensitive, Sakharov/Connes) stays the one dimensionful anchor","Red-team [I]+[A] (survives)",tfpt_5_redteam,SEAM.AREACOEFF.01; SEAM.AREACOEFF.02; v67; v68; v73,redteam/rt_C_kc3.py,-,,"Red-team verdict: survives as worded (reduced coefficient)",true
REDTEAM.D.01,"Red Team Target D - stress test of the U_point->v_geo bijection (FLAV.UPOINT.01). For positive reals (ratios,product) <=> (individuals) is a bijection and the TFPT sectors satisfy it (positive rational c, odd size 3=N_fam). Counterexamples off-assumption: even sector size leaves a SIGN ambiguity ({2,3} vs {-2,-3} share ratio 3/2 and product 6); complex amplitudes leave an n-th-root BRANCH ambiguity ({1,1,1},{w,w,w},{w^2,w^2,w^2}, w=e^{2pi i/3}, share all ratios and product 1); a zero amplitude is degenerate. GENUINE RESIDUAL: the bijection fixes amplitude MAGNITUDES only - CP phases delta_CKM/PMNS are complex and are NOT folded into v_geo. VERDICT: holds for TFPT once four hypotheses (real, positive, fixed branch, no zeros / odd sector size) are made EXPLICIT (they are silent in v75)","Red-team [I]+[A] (survives, narrowed)",tfpt_5_redteam,FLAV.UPOINT.01; v75; v20; v24,redteam/rt_D_upoint.py,-,,"Red-team verdict: survives; four hypotheses now explicit; CP-phase residual",true
REDTEAM.E.01,"Red Team Target E - single-scale audit of v_geo (ANCHOR.VGEO.01). The closed compiler + protected IR readouts all reduce to (pure number) x v_geo: M_scal=c3^(7/2) Mbar, f_a=(c3/|mu4|)^(7/2) Mbar, masses=(pi/sqrt2) c_f phi0^k v_geo, and 1/G shares the same anchor (v68/v75). The audit SURFACES non-pure-reduction candidates: the seam cutoff Lambda (only an identification seam=Planck collapses it to v_geo), the electroweak matching scale, the reheating temperature, and the leptogenesis scale - all frontier [P]/[A] inputs that must NOT be silently absorbed into v_geo. VERDICT: v_geo is the unique dimensional floor of the CERTIFIED tiers (true by dimensional analysis); full single-scale-ness is conditional on the flagged identifications staying honestly typed","Red-team [I]+[A] (survives, narrowed)",tfpt_5_redteam,ANCHOR.VGEO.01; FLAV.UPOINT.01; v78; v68; v60,redteam/rt_E_vgeo.py,-,,"Red-team verdict: floor of certified tiers; frontier scales must stay typed",true
GATE.METRIC.04,"Red-team Target A residual 1 CLOSED [L] (holomorphy is necessary AND sufficient to pin (E8)_1): at level 1 the number of primaries = det(Cartan) = |fundamental group|, giving A3=4, D5=4, D8=4, E8=1. So holomorphy (single vacuum sector = mu-index 1 = det 1) excludes the SAME-c rival (D8)_1=SO(16)_1 (c=120/15=8 but 4 primaries 1,v,s,c) - equal central charge is necessary not sufficient - AND is sufficient: a holomorphic c=8 chiral CFT is the lattice theory of an even unimodular rank-8 lattice, of which there is exactly ONE, E8, by the Minkowski-Siegel mass formula (mass=1/|W(E8)|=1/696729600=1/(2^14*3^5*5^2*7), and |Aut(E8)|=|W(E8)| saturates it; E8 Gram even, det 1). The (D5)_1x(A3)_1 conformal embedding c=5+3=8=c(E8) is compatibility (16 primaries vs 1), NOT the subnet identification. CONSEQUENCE: with this, the constructive map need only show the seam-Calderon boundary net is holomorphic & c=8 (then E8 is automatic), so Target A drops from 3 residuals to 2: (i) boundary-net holomorphy+c=8 (Delta_eff>0 supports, not proves), (ii) bulk-reconstruction uniqueness - both still [P]/[A]",Lattice [L] (residual 1 closed) + [P]/[A] (residuals 2-3 open),tfpt_5_redteam,REDTEAM.A.01; GATE.METRIC.03; v77; v66; v1,v83_e8net_holomorphic_uniqueness.py,E8 lattice / level-1 RCFT (standard),,"Lattice [L]: holomorphy => (E8)_1 unique (residual 1 closed); residuals 2 (constructive map) + 3 (bulk uniqueness) remain [P]/[A]",true
CAR.PASCAL.01,"Red-team Target B residual REDUCED [I]/[L]: the carrier 'K=2 Pascal truncation' flagged by the red team as a free postulate is NOT free. K=(g-1)/2 is the Pascal-row MIDPOINT: sum_{k<=(g-1)/2} C(g,k) = 2^(g-1) for every odd g (verified g=3,5,7,9), i.e. the half-spinor split of the 2^g Dirac spinor. Equivalently the carrier is the even Clifford half-spinor Lambda^even(C^g_car): C(5,0)+C(5,2)+C(5,4)=1+10+5=16=2^(g_car-1)=dim S+. So Target-B's residual is not 'why K=2' but the single standard input 'carrier = half-spinor of Spin(2 g_car)', already used in the D5+A3 glue (v1/v15); the Lean arithmetic 2^g=g^2+g+2<=>g=5 stays [F]","Identity/Lattice [I]/[L] (B residual reduced to the half-spinor input)",tfpt_5_redteam;tfpt_1,REDTEAM.B.01; FORM.CAR.01; CAR.UNIQ.01; v2; v44,v83_e8net_holomorphic_uniqueness.py,-,,"Identity/Lattice [I]/[L]: K=(g-1)/2 is the half-spinor midpoint, not a free truncation; B residual reduced to the standard half-spinor carrier",true
REG.FREEZE.01,"Blind-prediction registry FROZEN 2026-06-09, machine-enforced (review point: pre-registration before JUNO/CMB-S4/LiteBIRD/DESI). predictions_frozen.json freezes every dimensionless prediction of record at 25 significant digits; v84 re-derives each decimal from the two axioms {c3,g_car} on every run, so formula and frozen value are locked together (changing either alone FAILS the suite; the file is covered by manifest.sha256). Registry layers: core [N] (alpha^-1, lambda_C, s23/s13 CKM, sin^2 th13, lepton + quark mass ratios), conditional [N]/[P] with the hypothesis NAMED (th12 seed via seam-misalignment, beta_rad, Omega_b, delta_CKM leading, M_scal/Mbar, rho_Lambda/Mbar^4 branch), assigned (delta_CP^nu=240deg, th23=0.5), conditional BANDS for r and n_s at the declared external N_star in [50,60]. THETA12 FREEZE ENFORCED: exactly ONE prediction of record = seed 1/3-phi0/2 = 0.306747357245; the seam (0.306808) and nonlinear (0.307020) values are typed as derived variants of the SAME texture and may NOT appear as predictions (look-elsewhere ambiguity machine-excluded)",Numerical [N] (registry lock) + typing discipline,verification;tfpt_2;introduction,EM.FP.01; FLAV.TH12.01; PRED.LAYER.01; freeze_file.csv,v84_frozen_registry.py,"JUNO, CMB-S4/LiteBIRD, DESI (future); NuFIT 6.0 / CODATA 2022 / ACT DR6 (current)",,Numerical [N] (registry lock),true
FLAV.PENCIL.05,"MASTER-COVER THEOREM (answers next.txt P3; resolves P6 negatively; types P4) [I]/[L]: the anchor-block determinant is GL(2)-COVARIANT on the pencil plane span{K,Q} - det B((aK+bQ)+x(cK+dQ)) = (gamma x+alpha)^2 * p_KQ(moebius_G(x)) exactly (symbolic identity), with disc = 81*det(G)^2 = N_fam^4 x square. CONSEQUENCE: there is exactly ONE anchor-block double cover up to Moebius reparametrisation of the line, the master cover y^2=(3x+2)(3x+5) of v81; the whole disc-81 family observed in next.txt P3 (branch {-8/3,-5/3} for L+xQ, {-5/8,-2/5} for K+xL, {-3/2,-3/5} for Q+xK) is its GL(2) orbit, and the conspicuous rung -8/3 = -rank(E8)/N_fam is the carrier branch point shifted by ONE transport period (rank E8 = g_car+N_fam: -(g_car+N_fam)/N_fam = -g_car/N_fam - 1), i.e. no new structure. NEGATIVE CONTROLS (anchor-first hardened): leaving the anchor plane in the R-direction gives non-square discriminants 153 (R+xQ) and 201 (K+xR) - non-split, no rational cover. P6 HONEST NEGATIVE: the natural 4-sheet candidate det B(K+xQ)*det B(L+xQ) factors through the forced square (3x+5)^2, so mu4=Z4 does NOT act as a genuine 4:1 cover of the pencil line; the transport tower generates a LADDER of double covers (rung n: branch {-2/3-n,-5/3-n}) with second level w^2=(3x+2)(3x+8) (disc 324=18^2) connecting Koide to rank E8 at branch separation 2=|Z2|. P4 TYPED: the branch-divisor trace -7/3=-scalaron/N_fam fixes only the SCALE exponent (M_scal=c3^{7/2}Mbar); n_s=1-2/N_star and r=12/N_star^2 are functions of the external N_star alone, so the cover cannot promote the tilt from [P]. Physical readings (Koide branch <-> physical Koide, sheet <-> half-spinor) stay [P] as in v81/v82",Identity/Lattice [I]/[L] (GL(2) covariance + family classification) + [P] physical readings,verification;next.txt,FLAV.PENCIL.04; v80; v81; v82,v85_master_cover.py,-,,Identity/Lattice [I]/[L]: one master cover; family = GL(2) orbit; mu4 not a 4:1 cover; tilt stays [P],true
COSMO.NSTAR.01,"N_star band -> POINT [P] (the announced 'future derivation from a reheating model' executed; demotion of N_star as a compiler output STANDS): the only compiler input is M_scal=c3^{7/2}Mbar=3.0600e13 GeV [I] (v28/v36/v80); everything downstream is imported standard physics - scalaron width Gamma=N_eff M^3/(48pi Mbar^2) with N_eff=4 (SM Higgs doublet; Starobinsky/Vilenkin/Gorbunov-Panin), reheating at H=Gamma => T_reh=(30 rho/(pi^2 g*))^{1/4}=9.55e9 GeV (g*=106.75), pivot matching with w=0 scalaron oscillations + entropy conservation on the EXACT Starobinsky potential V=(3/4)M^2 Mbar^2(1-e^{-sqrt(2/3)phi})^2. RESULT: N_star(k=0.05/Mpc)=51.44 => n_s=1-2/N_star=0.9611, r=12/N_star^2=0.00454. CROSS-CHECK: k=0.002/Mpc gives N_star=54.7 = the known R^2-reheating literature value (~54). ROBUSTNESS: channel ambiguity N_eff=1..100 moves N_star by <0.8 e-folds (log sensitivity); instantaneous-reheating upper bound N_star<=55.7. FREEZE DISCIPLINE: 51.4 lies inside the frozen registry band [50,60]; predictions_frozen.json NOT modified (v84 lock intact). HONEST TENSIONS RECORDED: (1) n_s=0.9611 is +0.90 sigma below Planck 2018 (0.9649+-0.0042) and increases the DESI-combined tension; (2) A_s COHERENCE is sharper: with M_scal fixed A_s=N^2 c3^7/(24pi^2) is also predicted, A_s(51.44)=1.764e-9 = -11.4 sigma vs Planck 2.105(30)e-9; the A_s-preferred N_star=56.20 exceeds even the instantaneous-reheating bound 55.61 by 0.59 e-folds (instantaneous gives 2.06e-9 = -1.5 sigma, compatible) => within standard physics the measured A_s REQUIRES near-instantaneous reheating and the slow Higgs-channel point is A_s-disfavoured. The [P] point is CONDITIONAL on the decay channel; the frozen band [50,60] remains the prediction surface of record. Kill criteria: robust n_s>=0.967 falsifies the reheating chain (not the [I]/[L] core); A_s already arbitrates between fast and slow reheating",Physical [P] (conditional on M_Star=M_scal + standard reheating),origin_theory;tfpt_2;introduction,GRAV.SCAL.01 (M_scal); PRED.LAYER.01; REG.FREEZE.01,v86_nstar_reheating.py,"Planck 2018 (n_s=0.9649+-0.0042), DESI-combined, CMB-S4/LiteBIRD (r, future); SM g*=106.75",,Physical [P]: N_star=51.4 point inside the frozen band; demotion as compiler output stands,true
GATE.METRIC.05,"Red-team Target A residual (ii) CONDITIONALLY CLOSED [L] -> Target A = ONE residual: bulk-reconstruction uniqueness is NOT independent of residual (i). By the AQFT classification of full 2D CFTs over a chiral net (Longo-Rehren 1995; Kawahigashi-Longo-Mueger 2001; Bischoff-Kawahigashi-Longo-Rehren arXiv:1405.7863) the possible bulks = haploid commutative Q-systems = physical modular invariants of Rep(A); for a HOLOMORPHIC net Rep(A)=Vect so the bulk pairing is UNIQUE. MACHINE-CHECKED CONTRAST: the same-c rival SO(16)_1 (discriminant category Z2xZ2 of D8, q=(0,1/2,1,1), mu-index=4, S/T built explicitly, S^2=I, (ST)^3=I) admits exactly SIX modular invariants (Z>=0 integer, Z_00=1, [Z,S]=[Z,T]=0, entries<=2): diagonal, s<->c swap, BOTH E8-extension invariants |chi_0+chi_{s,c}|^2 (= the lattice glue E8=D8 u (D8+s): h_s=1 bosonic/condensable, index 2, det=4/4=1 even unimodular, cf v1/v83) and two twisted pairings => without holomorphy the c=8 bulk is MULTIPLY ambiguous; with one primary trivially Z=(1) unique. CONSEQUENCE: the whole of Target A reduces to the SINGLE theorem 'seam-Calderon boundary net is holomorphic with c=8' - then (E8)_1 (v83/GATE.METRIC.04) AND the unique bulk (this row) follow; the hypothesis stays [P]/[A]. Honest scope: nothing here proves the seam net IS holomorphic",Lattice [L] (classification + machine contrast) + [P]/[A] (the one remaining hypothesis),tfpt_5_redteam,GATE.METRIC.04; REDTEAM.A.01; v83; v77,v87_bulk_uniqueness_reduction.py,AQFT literature (LR/KLM/BKLR; standard),,Lattice [L]: bulk uniqueness rides on holomorphy; Target A = ONE residual,true
FLAV.CP.01,"Red-team Target D follow-up: CP-phase residual QUANTIFIED [N] (not closed; freeze respected): frozen leading reading delta_CKM=pi/3+3 lam^2=1.198232 rad=68.654 deg (registry DELTA_CKM_RAD untouched) gives J=3.327e-5 [I]. Clean phase probe gamma_PDG=65.7+-3.0 deg: pull +0.98 sigma => leading reading SURVIVES. AUDIT (recorded, explicitly NOT promoted): the data central value sits 0.07 deg from the ALTERNATIVE coefficient reading pi/3+2 lam^2 (|Z2| instead of N_fam) - the residual is -1.02 lam^2; textbook look-elsewhere trap, the registry keeps coefficient N_fam=3 (REG.FREEZE.01/v84 forbid silent switching). DECISION THRESHOLD: the two readings differ by lam^2=2.884 deg => 3-sigma distinguishable once sigma_gamma<=0.96 deg (LHCb upgrade / Belle II). Kill both ways: |gamma-68.65deg|>3sigma at sigma_gamma<1deg kills the N_fam coefficient; gamma->68.65 retires the |Z2| shadow. CAVEAT: J-inversion residual -3.15 lam^2 is magnitude-contaminated (TFPT source-scale s23=0.0434 vs PDG M_Z 0.0408; J pull +1.76 sigma recorded); gamma is the clean probe. Target-D typing unchanged: phases remain outside v_geo [P]",Numerical [N] (audit + thresholds) + [P] (phase mechanism open),tfpt_5_redteam;tfpt_2,REDTEAM.D.01; REG.FREEZE.01; FLAV.CKM.01,v88_cp_phase_audit.py,"PDG 2024 / CKMfitter (gamma=65.7+-3.0 deg, J=3.08+-0.14e-5)",,Numerical [N]: leading reading survives at +0.98 sigma; residual = -1.02 lam^2 recorded; decision at sigma_gamma<1 deg,true
GATE.METRIC.06,"CARRIER INDEX LEMMA [L] - the Gate-A theorem gets an equivalent index-theoretic form (sharper as a target): by Kawahigashi-Longo-Mueger (mu_A=[B:A]^2 mu_B; lattice nets mu=|discriminant|=det Cartan) the carrier inclusion has Jones index [(E8)_1:(D5)_1x(A3)_1]=sqrt(16/1)=4=|mu_4|=|Z2|^2 - the glue-group order IS the inclusion index. The extension is the mu_4 simple-current extension at level 1: adjoint branching 248=(45,1)+(1,15)+(16,4b)+(16b,4)+(10,6)=45+15+64+64+60; the three non-vacuum glue sectors are CURRENTS (h=1 exactly: 1/2+1/2, 5/8+3/8, 5/8+3/8); 1+3=4 sectors = the same Z4 glue as the lattice construction (v1). mu-additivity: an index-4 simple-current extension of the carrier has mu=16/16=1, so HOLOMORPHY FOLLOWS from the index statement - it need not be assumed. CONSEQUENCE: (H) 'seam-Calderon net holomorphic with c=8' <=> (H') 'seam net contains the carrier net with Jones index 4 as its mu_4 simple-current extension'. Why sharper: both ends of (H') are constructed objects (v77), finite index is controllable by Longo index theory, and the gap Delta_eff>0 (v76) supports finiteness. Negative control: mu(SO(16)_1)=4!=1 (v83/v87). Honest scope: the seam-side index computation is NOT done here; the boundary-net identification stays [P]/[A]",Lattice [L] (index arithmetic + reframing) + [P]/[A] (seam-side identification),tfpt_5_redteam;tfpt_research_contracts,GATE.METRIC.05; GATE.METRIC.04; E8.GLU.01; v77,v89_carrier_index_lemma.py,KLM 2001 (mu-index relation; standard),,Lattice [L]: Gate A <=> index-4 mu_4 simple-current extension of the carrier net,true
SEAM.AREACOEFF.03,"Seam-Horizon programme: the Fursaev-Solodukhin factor 4pi is now DERIVED, not imported [I] (removes the literature import of v67): (1) smoothed-cone Gauss-Bonnet - regularising the 2D cone (opening alpha) by a tangent spherical cap (tangency alpha=cos theta0) gives Int K dA = 2pi(1-cos theta0) = 2pi(1-alpha) EXACTLY, independent of the smoothing radius (topological; GB closure Int k_g=2pi alpha, chi(disk)=1; limits: hemisphere->cylinder alpha=0, flat->plane alpha=1); (2) codim-2 lift: Int sqrt(g)R -> 2*2pi(1-alpha)A = 4pi(1-alpha)A; (3) replica definition S=-d_alpha[logZ(alpha)-alpha logZ(1)]|_1 with logZ=k_red Int sqrt(g)R gives S=4pi k_red A with the smooth part dropping out - the FS relation machine-derived; (4) k_red=c3/2 (v73/SEAM.KHALF.01) => S=2pi c3 A, and S=A/4 forces c3=1/(8pi) UNIQUELY (sympy-solved). RESIDUAL ISOLATED [A]: the single remaining step is 'replica variation of the seam determinant (gapped Calderon kernel) produces the EH form k_red Int sqrt(g) R with cutoff-independent k_red' = the Seam-Horizon Theorem proper (SEAM.THEOREM.01); steps 1-4 contain no Bekenstein-Hawking import",Identity [I] (chain derived) + [A] (the one isolated residual),origin_theory;tfpt_horizon_readouts,SEAM.AREACOEFF.01; SEAM.AREACOEFF.02; SEAM.KHALF.01; SEAM.THEOREM.01,v90_conical_defect_chain.py,-,,Identity [I]: S=4pi k A derived; S=A/4 <=> c3=1/(8pi); residual = seam determinant => EH form,true
ARCH.SPINE.01,"SPINE TETRAHEDRON - the compiler microkernel as ONE finite object (review proposal 2026-06-10, validated and typed): the spine T={2,3,4,5}={|Z2|,N_fam,|mu4|,g_car} equals {e3(a),p0(a),e1(a),e2(a)} for the anchor a=(1,1,2), so the tetrahedron is the anchor plus its zeroth moment, not a second structure [I]. Edge products {6,8,10,12,15,20} = {|R+(A3)|/C6, rank E8=h(D5)=det R, A_Lambda=|E(K5)|, |R(A3)|=dim SM gauge, dim A3, det L} [I]; face products {24,30,40,60} = {|W(A3)|, h(E8), |R(D5)|=SumL, cascade start=dim(10,6) block (v89)} [I]; volume 120=|R+(E8)|=5!=sum E8 exponents=Tr_S+ X^2 [I]. Graph reading: |R(E8)|=240=|mu4|*|E(K4)|*|E(K5)| with |E(K4)|=p2(a)=6, |E(K5)|=p3(a)=10, plus negative control: breaks at K6 (|E(K6)|=15 != p4(a)=18) - specific not generic [I]. DISCIPLINE: the dual cuts (node x opposite face, edge x opposite edge, all =120) are TAUTOLOGIES of complementary partitions - typed as presentation raster, never as evidence; the grammar is a SUB-grammar (7, 16, 41, 48, 240, 248 are NOT subset products: the tetrahedron complements the admissibility filter, it does not replace it). chi_T=t^4-14t^3+71t^2-154t+120 (coefficients = node/edge/face sums + volume; 14=dim G2; spine symmetric about 7/2: chi(0)=chi(7)=120, chi(1)=chi(6)=24; scalaron 7=2+5=3+4 = complementary-pair sum = the same 7 as the branch-divisor trace v80/v81) typed AUDIT, not load-bearing",Identity [I] (closures + negative control) + Audit (chi_T fingerprint; dual cuts = presentation),introduction;tfpt_1;tfpt_3,"ANCHOR.GEN.01; FLAV.PENCIL.05; GATE.METRIC.06 (60=dim(10,6))",v91_spine_tetrahedron.py,-,,Identity [I]: spine tetrahedron closures; dual cuts tautological; sub-grammar honestly typed,true
